10A000010,duration,,title,,,,,,
10A100010,duration,,title,,,,,,
10A100020,instant,debit,,,,,,,
10A100030,instant,debit,,,,,,,
10A100040,instant,debit,,,,,,,
10A100050,instant,debit,,,,,,,
10A100060,instant,debit,,,,,,,
10A100070,instant,debit,,,,,,,
10A100080,instant,debit,,,,,,,
10A100090,instant,debit,,,,,,,
10A100100,instant,debit,,,,,,,
10A100110,instant,debit,,,,,,,
10A100120,instant,debit,,,,,,,
10A100130,instant,debit,,,,,,,
10A100140,instant,debit,,,,,,,
10A100150,instant,debit,,,,,,,
10A100160,instant,debit,,,,,,,
10A100170,instant,debit,,,,,,,
10A100180,instant,debit,,,,,,,
10A100190,instant,debit,,,,,,,
10A100200,instant,debit,,,,,,,
10A100210,instant,debit,,,,,,,
10A100220,duration,,title,,,,,,
10A100230,instant,debit,,,,,,,
10A100240,instant,debit,,,,,,,
10A100250,instant,debit,,,,,,,
10A100260,instant,debit,,,,,,,
10A100270,instant,debit,,,,,,,
10A100280,instant,debit,,,,,,,
10A100290,instant,debit,,,,,,,
10A100300,duration,,title,,,,,,
10A100310,instant,debit,,,,,,,
10A100320,instant,debit,,,,,,,
10A100330,instant,debit,,,,,,,
10A100340,instant,debit,,,,,,,
10A100350,duration,,title,,,,,,
10A100360,instant,debit,,,,,,,
10A100370,instant,debit,,,,,,,
10A100380,instant,debit,,,,,,,
10A100390,duration,,title,,,,,,
10A100400,instant,debit,,,,,,,
10A100410,instant,debit,,,,,,,
10A100420,duration,,title,,,,,,
10A100430,instant,debit,,,,,,,
10A100440,instant,debit,,,,,,,
10A100450,instant,debit,,,,,,,
10A100460,instant,debit,,,,,,,
10A100470,instant,debit,,,,,,,
10A100480,instant,debit,,,,,,,
10A100490,instant,debit,,,,,,,
10A100500,instant,debit,,,,,,,
10A100510,instant,debit,,,,,,,
10A100520,instant,debit,,,,,,,
10A100530,instant,debit,,,,,,,
10A100540,instant,debit,,,,,,,
10A100550,instant,debit,,,,,,,
10A100560,instant,debit,,,,,,,
10A100570,duration,,title,,,,,,
10A100580,instant,debit,,,,,,,
10A100590,instant,debit,,,,,,,
10A100600,instant,debit,,,,,,,
10A100610,instant,debit,,,,,,,
10A100620,instant,debit,,,,,,,
10A100630,instant,debit,,,,,,,
10A100640,instant,debit,,,,,,,
10A100650,instant,debit,,,,,,,
10A100660,instant,debit,,,,,,,
10A100670,instant,debit,,,,,,,
10A100680,instant,debit,,,,,,,
10A100690,instant,debit,,,,,,,
10A100700,instant,debit,,,,,,,
10A100710,instant,debit,,,,,,,
10A100720,instant,debit,,,,,,,
10A100730,instant,debit,,,,,,,
10A100740,instant,debit,,,,,,,
10A100750,instant,debit,,,,,,,
10A100760,instant,debit,,,,,,,
10A100770,instant,debit,,,,,,,
10A100780,instant,debit,,,,,,,
10A100790,instant,debit,,,,,,,
10A100800,instant,debit,,,,,,,
10A100810,instant,debit,,,,,,,
10A100820,instant,debit,,,,,,,
10A100830,instant,debit,,,,,,,
10A100840,instant,debit,,,,,,,
10A100850,instant,debit,,,,,,,
10A100860,instant,debit,,,,,,,
10A100870,instant,debit,,,,,,,
10A100880,instant,debit,,,,,,,
10A100890,instant,debit,,,,,,,
10A100900,instant,debit,,,,,,,
10A100910,instant,debit,,,,,,,
10A100920,instant,debit,,,,,,,
10A100930,instant,debit,,,,,,,
10A100940,instant,debit,,,,,,,
10A100950,instant,debit,,,,,,,
10A100960,instant,debit,,,,,,,
10A100970,instant,debit,,,,,,,
10A100980,instant,debit,,,,,,,
10A100990,instant,debit,,,,,,,
10A101000,instant,debit,,,,,,,
10A101010,instant,debit,,,,,,,
10A101020,instant,debit,,,,,,,
10A101030,instant,debit,,,,,,,
10A101040,duration,,title,,,,,,
10A101050,instant,debit,,,,,,,
10A101060,instant,debit,,,,,,,
10A101070,instant,debit,,,,,,,
10A101080,instant,debit,,,,,,,
10A101090,instant,debit,,,,,,,
10A101100,instant,debit,,,,,,,
10A101110,instant,debit,,,,,,,
10A101120,instant,debit,,,,,,,
10A101130,instant,debit,,,,,,,
10A101140,instant,debit,,,,,,,
10A101150,instant,debit,,,,,,,
10A101160,instant,debit,,,,,,,
10A200010,duration,,title,,,,,,
10A210010,duration,,title,,,,,,
10A210020,duration,,title,,,,,,
10A210030,instant,debit,,,,,,,
10A210040,instant,debit,,,,,,,
10A210050,instant,debit,,,,,,,
10A210060,instant,debit,,,,,,,
10A210070,instant,debit,,,,,,,
10A210080,instant,debit,,,,,,,
10A210090,instant,debit,,,,,,,
10A210100,instant,debit,,,,,,,
10A210110,instant,debit,,,,,,,
10A210120,instant,debit,,,,,,,
10A210130,instant,debit,,,,,,,
10A210140,instant,debit,,,,,,,
10A210150,instant,debit,,,,,,,
10A210160,instant,debit,,,,,,,
10A210170,instant,debit,,,,,,,
10A210180,instant,debit,,,,,,,
10A210190,instant,debit,,,,,,,
10A210200,instant,debit,,,,,,,
10A210210,instant,debit,,,,,,,
10A210220,instant,debit,,,,,,,
10A210230,duration,,title,,,,,,
10A210240,instant,debit,,,,,,,
10A210250,instant,debit,,,,,,,
10A210260,instant,debit,,,,,,,
10A210270,instant,debit,,,,,,,
10A210280,instant,debit,,,,,,,
10A210290,duration,,title,,,,,,
10A210300,instant,debit,,,,,,,
10A210310,instant,debit,,,,,,,
10A210320,instant,debit,,,,,,,
10A210330,instant,debit,,,,,,,
10A210340,instant,debit,,,,,,,
10A210350,duration,,title,,,,,,
10A210360,instant,debit,,,,,,,
10A210370,instant,debit,,,,,,,
10A210380,instant,debit,,,,,,,
10A210390,instant,debit,,,,,,,
10A210400,instant,debit,,,,,,,
10A210410,instant,debit,,,,,,,
10A210420,instant,debit,,,,,,,
10A210430,instant,debit,,,,,,,
10A210440,instant,debit,,,,,,,
10A210450,instant,debit,,,,,,,
10A210460,instant,debit,,,,,,,
10A210470,instant,debit,,,,,,,
10A210480,instant,debit,,,,,,,
10A210490,instant,debit,,,,,,,
10A210500,instant,debit,,,,,,,
10A210510,instant,debit,,,,,,,
10A210520,instant,debit,,,,,,,
10A210530,instant,debit,,,,,,,
10A210540,instant,debit,,,,,,,
10A210550,instant,debit,,,,,,,
10A210560,instant,debit,,,,,,,
10A210570,instant,debit,,,,,,,
10A210580,instant,debit,,,,,,,
10A210590,instant,debit,,,,,,,
10A210600,instant,debit,,,,,,,
10A210610,instant,debit,,,,,,,
10A210620,instant,debit,,,,,,,
10A210630,instant,debit,,,,,,,
10A210640,instant,debit,,,,,,,
10A210650,instant,debit,,,,,,,
10A210660,instant,debit,,,,,,,
10A210670,instant,debit,,,,,,,
10A210680,duration,,title,,,,,,
10A210690,instant,debit,,,,,,,
10A210700,instant,debit,,,,,,,
10A210710,instant,debit,,,,,,,
10A210720,instant,debit,,,,,,,
10A210730,instant,debit,,,,,,,
10A210740,instant,debit,,,,,,,
10A210750,instant,debit,,,,,,,
10A210760,instant,debit,,,,,,,
10A210770,instant,debit,,,,,,,
10A210780,instant,debit,,,,,,,
10A210790,instant,debit,,,,,,,
10A210800,instant,debit,,,,,,,
10A210810,instant,debit,,,,,,,
10A210820,instant,debit,,,,,,,
10A210830,instant,debit,,,,,,,
10A210840,instant,debit,,,,,,,
10A210850,instant,debit,,,,,,,
10A210860,instant,debit,,,,,,,
10A210870,instant,debit,,,,,,,
10A210880,instant,debit,,,,,,,
10A210890,instant,debit,,,,,,,
10A210900,instant,debit,,,,,,,
10A210910,instant,debit,,,,,,,
10A210920,instant,debit,,,,,,,
10A210930,instant,debit,,,,,,,
10A210940,instant,debit,,,,,,,
10A210950,instant,debit,,,,,,,
10A220010,duration,,title,,,,,,
10A220020,instant,debit,,,,,,,
10A220030,instant,debit,,,,,,,
10A220040,duration,,title,,,,,,
10A220050,instant,debit,,,,,,,
10A220060,instant,debit,,,,,,,
10A220070,instant,debit,,,,,,,
10A220080,instant,debit,,,,,,,
10A220090,instant,debit,,,,,,,
10A220100,duration,,title,,,,,,
10A220110,instant,debit,,,,,,,
10A220120,instant,debit,,,,,,,
10A220130,instant,debit,,,,,,,
10A220140,instant,debit,,,,,,,
10A220150,instant,debit,,,,,,,
10A220160,instant,debit,,,,,,,
10A220170,duration,,title,,,,,,
10A220180,instant,debit,,,,,,,
10A220190,instant,debit,,,,,,,
10A220200,instant,debit,,,,,,,
10A220210,instant,debit,,,,,,,
10A220220,instant,debit,,,,,,,
10A220230,instant,debit,,,,,,,
10A220240,instant,debit,,,,,,,
10A220250,instant,debit,,,,,,,
10A220260,instant,debit,,,,,,,
10A220270,instant,debit,,,,,,,
10A220280,instant,debit,,,,,,,
10A220290,instant,debit,,,,,,,
10A220300,instant,debit,,,,,,,
10A220310,instant,debit,,,,,,,
10A220320,instant,debit,,,,,,,
10A220330,instant,debit,,,,,,,
10A230010,duration,,title,,,,,,
10A230020,duration,,title,,,,,,
10A230030,instant,debit,,,,,,,
10A230040,instant,debit,,,,,,,
10A230050,instant,debit,,,,,,,
10A230060,instant,debit,,,,,,,
10A230070,instant,debit,,,,,,,
10A230080,duration,,title,,,,,,
10A230090,instant,debit,,,,,,,
10A230100,instant,debit,,,,,,,
10A230110,instant,debit,,,,,,,
10A230120,instant,debit,,,,,,,
10A230130,duration,,title,,,,,,
10A230140,instant,debit,,,,,,,
10A230150,instant,debit,,,,,,,
10A230160,instant,debit,,,,,,,
10A230170,instant,debit,,,,,,,
10A230180,instant,debit,,,,,,,
10A230190,instant,debit,,,,,,,
10A230200,instant,debit,,,,,,,
10A230210,instant,debit,,,,,,,
10A230220,instant,debit,,,,,,,
10A230230,instant,debit,,,,,,,
10A230240,instant,debit,,,,,,,
10A230250,instant,debit,,,,,,,
10A230260,instant,debit,,,,,,,
10A230270,instant,debit,,,,,,,
10A230280,duration,,title,,,,,,
10A230290,instant,debit,,,,,,,
10A230300,instant,debit,,,,,,,
10A230310,instant,debit,,,,,,,
10A230320,instant,debit,,,,,,,
10A230330,instant,debit,,,,,,,
10A230340,instant,debit,,,,,,,
10A230350,instant,debit,,,,,,,
10A230360,instant,debit,,,,,,,
10A230370,instant,debit,,,,,,,
10A230380,instant,debit,,,,,,,
10A230390,instant,debit,,,,,,,
10A230400,instant,debit,,,,,,,
10A230410,instant,debit,,,,,,,
10A230420,instant,debit,,,,,,,
10A230430,instant,debit,,,,,,,
10A230440,instant,debit,,,,,,,
10A230450,instant,debit,,,,,,,
10A230460,instant,debit,,,,,,,
10A230470,instant,debit,,,,,,,
10A230480,instant,debit,,,,,,,
10A230490,instant,debit,,,,,,,
10A230500,instant,debit,,,,,,,
10A230510,instant,debit,,,,,,,
10A230520,instant,debit,,,,,,,
10A230530,instant,debit,,,,,,,
10A230540,instant,debit,,,,,,,
10A230550,instant,debit,,,,,,,
10A230560,instant,debit,,,,,,,
10A230570,instant,debit,,,,,,,
10A230580,instant,debit,,,,,,,
10A230590,instant,debit,,,,,,,
10A230600,instant,debit,,,,,,,
10A230610,instant,debit,,,,,,,
10A230620,instant,debit,,,,,,,
10A230630,instant,debit,,,,,,,
10A230640,instant,debit,,,,,,,
10A230650,instant,debit,,,,,,,
10A230660,instant,debit,,,,,,,
10A230670,instant,debit,,,,,,,
10A230680,instant,debit,,,,,,,
10A230690,instant,debit,,,,,,,
10A230700,instant,debit,,,,,,,
10A230710,instant,debit,,,,,,,
10A230720,instant,debit,,,,,,,
10A230730,instant,debit,,,,,,,
10A230740,instant,debit,,,,,,,
10A230750,instant,debit,,,,,,,
10A230760,instant,debit,,,,,,,
10A230770,instant,debit,,,,,,,
10A230780,instant,debit,,,,,,,
10A230790,instant,debit,,,,,,,
10A230800,instant,debit,,,,,,,
10A230810,duration,,title,,,,,,
10A230820,instant,debit,,,,,,,
10A230830,instant,debit,,,,,,,
10A230840,instant,debit,,,,,,,
10A230850,instant,debit,,,,,,,
10A230860,instant,debit,,,,,,,
10A230870,instant,debit,,,,,,,
10A230880,instant,debit,,,,,,,
10A200020,instant,debit,,,,,,,
10A300010,duration,,title,,,,,,
10A300020,instant,debit,,,,,,,
10A300030,instant,debit,,,,,,,
10A300040,instant,debit,,,,,,,
10A300050,instant,debit,,,,,,,
10A300060,instant,debit,,,,,,,
10A300070,instant,debit,,,,,,,
10A300080,instant,debit,,,,,,,
10A000020,instant,debit,,,,,,,
10B000010,duration,,title,,,,,,
10B100010,duration,,title,,,,,,
10B100020,instant,credit,,,,,,,
10B100030,instant,credit,,,,,,,
10B100040,instant,credit,,,,,,,
10B100050,instant,credit,,,,,,,
10B100060,instant,credit,,,,,,,
10B100070,instant,credit,,,,,,,
10B100080,instant,credit,,,,,,,
10B100090,instant,credit,,,,,,,
10B100100,instant,credit,,,,,,,
10B100110,instant,credit,,,,,,,
10B100120,instant,credit,,,,,,,
10B100130,instant,credit,,,,,,,
10B100140,instant,credit,,,,,,,
10B100150,instant,credit,,,,,,,
10B100160,instant,credit,,,,,,,
10B100170,instant,credit,,,,,,,
10B100180,instant,credit,,,,,,,
10B100190,instant,credit,,,,,,,
10B100200,instant,credit,,,,,,,
10B100210,instant,credit,,,,,,,
10B100220,instant,credit,,,,,,,
10B100230,instant,credit,,,,,,,
10B100240,instant,credit,,,,,,,
10B100250,instant,credit,,,,,,,
10B100260,instant,credit,,,,,,,
10B100270,instant,credit,,,,,,,
10B100280,instant,credit,,,,,,,
10B100290,instant,credit,,,,,,,
10B100300,duration,,title,,,,,,
10B100310,instant,credit,,,,,,,
10B100320,instant,credit,,,,,,,
10B100330,instant,credit,,,,,,,
10B100340,instant,credit,,,,,,,
10B100350,instant,credit,,,,,,,
10B100360,instant,credit,,,,,,,
10B100370,instant,credit,,,,,,,
10B100380,instant,credit,,,,,,,
10B100390,instant,credit,,,,,,,
10B100400,instant,credit,,,,,,,
10B100410,instant,credit,,,,,,,
10B100420,instant,credit,,,,,,,
10B100430,instant,credit,,,,,,,
10B100440,instant,credit,,,,,,,
10B100450,instant,credit,,,,,,,
10B100460,instant,credit,,,,,,,
10B100470,instant,credit,,,,,,,
10B100480,instant,credit,,,,,,,
10B100490,instant,credit,,,,,,,
10B100500,instant,credit,,,,,,,
10B100510,instant,credit,,,,,,,
10B100520,instant,credit,,,,,,,
10B100530,instant,credit,,,,,,,
10B100540,instant,credit,,,,,,,
10B100550,instant,credit,,,,,,,
10B100560,instant,credit,,,,,,,
10B100570,instant,credit,,,,,,,
10B100580,instant,credit,,,,,,,
10B100590,instant,credit,,,,,,,
10B100600,instant,credit,,,,,,,
10B100610,instant,credit,,,,,,,
10B100620,duration,,title,,,,,,
10B100630,instant,credit,,,,,,,
10B100640,instant,credit,,,,,,,
10B100650,instant,credit,,,,,,,
10B100660,instant,credit,,,,,,,
10B100670,instant,credit,,,,,,,
10B100680,instant,credit,,,,,,,
10B100690,instant,credit,,,,,,,
10B100700,instant,credit,,,,,,,
10B100710,instant,credit,,,,,,,
10B100720,instant,credit,,,,,,,
10B100730,duration,,title,,,,,,
10B100740,instant,credit,,,,,,,
10B100750,instant,credit,,,,,,,
10B100760,instant,credit,,,,,,,
10B100770,instant,credit,,,,,,,
10B100780,instant,credit,,,,,,,
10B100790,instant,credit,,,,,,,
10B100800,instant,credit,,,,,,,
10B100810,instant,credit,,,,,,,
10B100820,instant,credit,,,,,,,
10B100830,instant,credit,,,,,,,
10B100840,instant,credit,,,,,,,
10B100850,instant,credit,,,,,,,
10B100860,instant,credit,,,,,,,
10B100870,instant,credit,,,,,,,
10B100880,instant,credit,,,,,,,
10B100890,instant,credit,,,,,,,
10B100900,instant,credit,,,,,,,
10B100910,instant,credit,,,,,,,
10B100920,instant,credit,,,,,,,
10B100930,instant,credit,,,,,,,
10B100940,instant,credit,,,,,,,
10B100950,instant,credit,,,,,,,
10B100960,instant,credit,,,,,,,
10B100970,instant,credit,,,,,,,
10B100980,instant,credit,,,,,,,
10B100990,instant,credit,,,,,,,
10B101000,instant,credit,,,,,,,
10B101010,instant,credit,,,,,,,
10B101020,instant,credit,,,,,,,
10B101030,instant,credit,,,,,,,
10B101040,instant,credit,,,,,,,
10B101050,instant,credit,,,,,,,
10B101060,instant,credit,,,,,,,
10B101070,instant,credit,,,,,,,
10B200010,duration,,title,,,,,,
10B200020,duration,,title,,,,,,
10B200030,instant,credit,,,,,,,
10B200040,instant,credit,,,,,,,
10B200050,instant,credit,,,,,,,
10B200060,instant,credit,,,,,,,
10B200070,duration,,title,,,,,,
10B200080,instant,credit,,,,,,,
10B200090,instant,credit,,,,,,,
10B200100,instant,credit,,,,,,,
10B200110,duration,,title,,,,,,
10B200120,instant,credit,,,,,,,
10B200130,instant,credit,,,,,,,
10B200140,instant,credit,,,,,,,
10B200150,instant,credit,,,,,,,
10B200160,instant,credit,,,,,,,
10B200170,instant,credit,,,,,,,
10B200180,instant,credit,,,,,,,
10B200190,instant,credit,,,,,,,
10B200200,instant,credit,,,,,,,
10B200210,instant,credit,,,,,,,
10B200220,instant,credit,,,,,,,
10B200230,instant,credit,,,,,,,
10B200240,instant,credit,,,,,,,
10B200250,instant,credit,,,,,,,
10B200260,instant,credit,,,,,,,
10B200270,instant,credit,,,,,,,
10B200280,instant,credit,,,,,,,
10B200290,instant,credit,,,,,,,
10B200300,instant,credit,,,,,,,
10B200310,instant,credit,,,,,,,
10B200320,instant,credit,,,,,,,
10B200330,instant,credit,,,,,,,
10B200340,instant,credit,,,,,,,
10B200350,instant,credit,,,,,,,
10B200360,instant,credit,,,,,,,
10B200370,duration,,title,,,,,,
10B200380,instant,credit,,,,,,,
10B200390,instant,credit,,,,,,,
10B200400,instant,credit,,,,,,,
10B200410,instant,credit,,,,,,,
10B200420,instant,credit,,,,,,,
10B200430,instant,credit,,,,,,,
10B200440,instant,credit,,,,,,,
10B200450,instant,credit,,,,,,,
10B200460,instant,credit,,,,,,,
10B200470,instant,credit,,,,,,,
10B200480,instant,credit,,,,,,,
10B200490,instant,credit,,,,,,,
10B200500,instant,credit,,,,,,,
10B200510,instant,credit,,,,,,,
10B200520,instant,credit,,,,,,,
10B200530,instant,credit,,,,,,,
10B200540,instant,credit,,,,,,,
10B200550,instant,credit,,,,,,,
10B200560,instant,credit,,,,,,,
10B200570,instant,credit,,,,,,,
10B200580,instant,credit,,,,,,,
10B200590,instant,credit,,,,,,,
10B200600,instant,credit,,,,,,,
10B200610,instant,credit,,,,,,,
10B200620,instant,credit,,,,,,,
10B200630,instant,credit,,,,,,,
10B200640,instant,credit,,,,,,,
10B200650,instant,credit,,,,,,,
10B200660,instant,credit,,,,,,,
10B200670,instant,credit,,,,,,,
10B300010,duration,,title,,,,,,
10B300020,instant,credit,,,,,,,
10B300030,duration,,title,,,,,,
10B300040,instant,credit,,,,,,,
10B000020,instant,credit,,,,,,,
10C000010,duration,,title,,,,,,
10C100010,duration,,title,,,,,,
10C110010,instant,credit,,,,,,,
10C110020,instant,credit,,,,,,,
10C120010,duration,,title,,,,,,
10C120020,instant,credit,,,,,,,
10C120030,instant,credit,,,,,,,
10C120040,instant,credit,,,,,,,
10C130010,duration,,title,,,,,,
10C130020,instant,credit,,,,,,,
10C130030,duration,,title,,,,,,
10C130040,instant,credit,,,,,,,
10C130050,instant,credit,,,,,,,
10C130060,instant,credit,,,,,,,
10C130070,instant,credit,,,,,,,
10C130080,instant,credit,,,,,,,
10C130090,instant,credit,,,,,,,
10C130100,instant,credit,,,,,,,
10C130110,instant,credit,,,,,,,
10C130120,instant,credit,,,,,,,
10C130130,instant,credit,,,,,,,
10C130140,instant,credit,,,,,,,
10C130150,instant,credit,,,,,,,
10C130160,instant,credit,,,,,,,
10C130170,instant,credit,,,,,,,
10C130180,instant,credit,,,,,,,
10C130190,instant,credit,,,,,,,
10C130200,instant,credit,,,,,,,
10C130210,instant,credit,,,,,,,
10C130220,instant,credit,,,,,,,
10C130230,instant,credit,,,,,,,
10C130240,instant,credit,,,,,,,
10C130250,instant,credit,,,,,,,
10C130260,instant,credit,,,,,,,
10C130270,instant,credit,,,,,,,
10C130280,instant,credit,,,,,,,
10C130290,instant,credit,,,,,,,
10C130300,instant,credit,,,,,,,
10C130310,instant,credit,,,,,,,
10C130320,instant,credit,,,,,,,
10C130330,instant,credit,,,,,,,
10C130340,instant,credit,,,,,,,
10C130350,instant,credit,,,,,,,
10C130360,instant,credit,,,,,,,
10C130370,instant,credit,,,,,,,
10C130380,instant,credit,,,,,,,
10C130390,instant,credit,,,,,,,
10C100020,instant,credit,,,,,,,
10C100030,instant,credit,,,,,,,
10C100040,instant,credit,,,,,,,
10C200010,duration,,title,,,,,,
10C200020,instant,credit,,,,,,,
10C200030,instant,credit,,,,,,,
10C200040,instant,credit,,,,,,,
10C200050,instant,credit,,,,,,,
10C200060,instant,credit,,,,,,,
10C200070,instant,credit,,,,,,,
10C300010,instant,credit,,,,,,,
10C300020,instant,credit,,,,,,,
10C000020,instant,credit,,,,,,,
10C000030,instant,credit,,,,,,,
10C000040,instant,credit,,,,,,,
11A000010,duration,,title,,,,,,
11A100010,duration,,title,,,,,,
11A100020,instant,debit,,,,,,,
11A100030,instant,debit,,,,,,,
11A100040,instant,debit,,,,,,,
11A100050,instant,debit,,,,,,,
11A100060,instant,debit,,,,,,,
11A100070,instant,debit,,,,,,,
11A100080,instant,debit,,,,,,,
11A100090,instant,debit,,,,,,,
11A100100,instant,debit,,,,,,,
11A100110,instant,debit,,,,,,,
11A100120,instant,debit,,,,,,,
11A100130,instant,debit,,,,,,,
11A100140,instant,debit,,,,,,,
11A100150,instant,debit,,,,,,,
11A100160,instant,debit,,,,,,,
11A100170,instant,debit,,,,,,,
11A100180,instant,debit,,,,,,,
11A100190,instant,debit,,,,,,,
11A100200,instant,debit,,,,,,,
11A100210,instant,debit,,,,,,,
11A200010,duration,,title,,,,,,
11A210010,duration,,title,,,,,,
11A210020,instant,debit,,,,,,,
11A210030,instant,debit,,,,,,,
11A210040,instant,debit,,,,,,,
11A210050,instant,debit,,,,,,,
11A210060,instant,debit,,,,,,,
11A210070,instant,debit,,,,,,,
11A210080,instant,debit,,,,,,,
11A210090,instant,debit,,,,,,,
11A210100,instant,debit,,,,,,,
11A210110,instant,debit,,,,,,,
11A210120,instant,debit,,,,,,,
11A210130,instant,debit,,,,,,,
11A210140,instant,debit,,,,,,,
11A210150,instant,debit,,,,,,,
11A210160,instant,debit,,,,,,,
11A210170,instant,debit,,,,,,,
11A210180,instant,debit,,,,,,,
11A210190,instant,debit,,,,,,,
11A220010,duration,,title,,,,,,
11A220020,instant,debit,,,,,,,
11A220030,instant,debit,,,,,,,
11A220040,instant,debit,,,,,,,
11A220050,instant,debit,,,,,,,
11A220060,instant,debit,,,,,,,
11A220070,instant,debit,,,,,,,
11A230010,duration,,title,,,,,,
11A230020,instant,debit,,,,,,,
11A230030,instant,debit,,,,,,,
11A230040,instant,debit,,,,,,,
11A230050,instant,debit,,,,,,,
11A230060,instant,debit,,,,,,,
11A230070,instant,debit,,,,,,,
11A230080,instant,debit,,,,,,,
11A230090,instant,debit,,,,,,,
11A200020,instant,debit,,,,,,,
11A300010,duration,,title,,,,,,
11A300020,instant,debit,,,,,,,
11A300030,instant,debit,,,,,,,
11A300040,instant,debit,,,,,,,
11A300050,instant,debit,,,,,,,
11A300060,instant,debit,,,,,,,
11A300070,instant,debit,,,,,,,
11A000020,instant,debit,,,,,,,
11B000010,duration,,title,,,,,,
11B100010,duration,,title,,,,,,
11B100020,instant,credit,,,,,,,
11B100030,instant,credit,,,,,,,
11B100040,instant,credit,,,,,,,
11B100050,instant,credit,,,,,,,
11B100060,instant,credit,,,,,,,
11B100070,instant,credit,,,,,,,
11B100080,instant,credit,,,,,,,
11B100090,instant,credit,,,,,,,
11B100100,instant,credit,,,,,,,
11B100110,instant,credit,,,,,,,
11B100120,instant,credit,,,,,,,
11B100130,instant,credit,,,,,,,
11B100140,instant,credit,,,,,,,
11B100150,instant,credit,,,,,,,
11B200010,duration,,title,,,,,,
11B200020,instant,credit,,,,,,,
11B200030,instant,credit,,,,,,,
11B200040,instant,credit,,,,,,,
11B200050,instant,credit,,,,,,,
11B200060,instant,credit,,,,,,,
11B200070,instant,credit,,,,,,,
11B200080,instant,credit,,,,,,,
11B000020,instant,credit,,,,,,,
11C000010,duration,,title,,,,,,
11C100010,duration,,title,,,,,,
11C110010,instant,credit,,,,,,,
11C110020,instant,credit,,,,,,,
11C120010,duration,,title,,,,,,
11C120020,instant,credit,,,,,,,
11C120030,instant,credit,,,,,,,
11C120040,instant,credit,,,,,,,
11C130010,duration,,title,,,,,,
11C130020,instant,credit,,,,,,,
11C130030,duration,,title,,,,,,
11C130040,instant,credit,,,,,,,
11C130050,instant,credit,,,,,,,
11C100020,instant,credit,,,,,,,
11C100030,instant,credit,,,,,,,
11C100040,instant,credit,,,,,,,
11C200010,duration,,title,,,,,,
11C200020,instant,credit,,,,,,,
11C200030,instant,credit,,,,,,,
11C200040,instant,credit,,,,,,,
11C200050,instant,credit,,,,,,,
11C300010,instant,credit,,,,,,,
11C000020,instant,credit,,,,,,,
11C000030,instant,credit,,,,,,,
11C000040,instant,credit,,,,,,,
12A000010,duration,,title,,,,,,
12A000020,instant,debit,,,,,,,
12A000030,instant,debit,,,,,,,
12A000040,instant,debit,,,,,,,
12A000050,instant,debit,,,,,,,
12A000060,instant,debit,,,,,,,
12A000070,instant,debit,,,,,,,
12A000080,instant,debit,,,,,,,
12A000090,instant,debit,,,,,,,
12A000100,instant,debit,,,,,,,
12A000110,instant,debit,,,,,,,
12A000120,instant,debit,,,,,,,
12A000130,instant,debit,,,,,,,
12A000140,instant,debit,,,,,,,
12A000150,instant,debit,,,,,,,
12A000160,instant,debit,,,,,,,
12A000170,instant,debit,,,,,,,
12A000180,instant,debit,,,,,,,
12A000190,instant,debit,,,,,,,
12A000200,instant,debit,,,,,,,
12A000210,instant,debit,,,,,,,
12A000220,instant,debit,,,,,,,
12A000230,instant,debit,,,,,,,
12A000240,instant,debit,,,,,,,
12A000250,instant,debit,,,,,,,
12A000260,instant,debit,,,,,,,
12A000270,instant,debit,,,,,,,
12A000280,instant,debit,,,,,,,
12A000290,instant,debit,,,,,,,
12A000300,instant,debit,,,,,,,
12A000310,instant,debit,,,,,,,
12A000320,instant,debit,,,,,,,
12A000330,instant,debit,,,,,,,
12A000340,instant,debit,,,,,,,
12A000350,instant,debit,,,,,,,
12A000360,instant,debit,,,,,,,
12A000370,instant,debit,,,,,,,
12A000380,instant,debit,,,,,,,
12A000390,instant,debit,,,,,,,
12A000400,instant,debit,,,,,,,
12A000410,instant,debit,,,,,,,
12A000420,instant,debit,,,,,,,
12A000430,instant,debit,,,,,,,
12A000440,instant,debit,,,,,,,
12A300010,instant,debit,,,,,,,
12A000450,instant,debit,,,,,,,
12A000460,instant,debit,,,,,,,
12A000470,instant,debit,,,,,,,
12A210010,instant,debit,,,,,,,
12A210020,instant,debit,,,,,,,
12A210030,instant,debit,,,,,,,
12A210040,instant,debit,,,,,,,
12A210050,instant,debit,,,,,,,
12A210060,instant,debit,,,,,,,
12A220010,instant,debit,,,,,,,
12A220020,instant,debit,,,,,,,
12A220030,instant,debit,,,,,,,
12A220040,instant,debit,,,,,,,
12A220050,instant,debit,,,,,,,
12A000480,instant,debit,,,,,,,
12A000490,instant,debit,,,,,,,
12A000500,instant,debit,,,,,,,
12A000510,instant,debit,,,,,,,
12A000520,instant,debit,,,,,,,
12A000530,instant,debit,,,,,,,
12A000540,instant,debit,,,,,,,
12A000550,instant,debit,,,,,,,
12A000560,instant,debit,,,,,,,
12A000570,instant,debit,,,,,,,
12B000010,duration,,title,,,,,,
12B000020,instant,credit,,,,,,,
12B000030,instant,credit,,,,,,,
12B000040,instant,credit,,,,,,,
12B000050,instant,credit,,,,,,,
12B000060,instant,credit,,,,,,,
12B000070,instant,credit,,,,,,,
12B000080,instant,credit,,,,,,,
12B000090,instant,credit,,,,,,,
12B000100,instant,credit,,,,,,,
12B000110,instant,credit,,,,,,,
12B000120,instant,credit,,,,,,,
12B000130,instant,credit,,,,,,,
12B000140,instant,credit,,,,,,,
12B000150,instant,credit,,,,,,,
12B000160,instant,credit,,,,,,,
12B000170,instant,credit,,,,,,,
12B000180,instant,credit,,,,,,,
12B000190,instant,credit,,,,,,,
12B000200,instant,credit,,,,,,,
12B000210,instant,credit,,,,,,,
12B000220,instant,credit,,,,,,,
12B000230,instant,credit,,,,,,,
12B000240,instant,credit,,,,,,,
12B000250,instant,credit,,,,,,,
12B000260,instant,credit,,,,,,,
12B000270,instant,credit,,,,,,,
12B200010,instant,credit,,,,,,,
12B000280,instant,credit,,,,,,,
12B000290,instant,credit,,,,,,,
12B000300,instant,credit,,,,,,,
12B000310,instant,credit,,,,,,,
12B000320,instant,credit,,,,,,,
12B000330,instant,credit,,,,,,,
12B000340,instant,credit,,,,,,,
12B000350,instant,credit,,,,,,,
12B000360,instant,credit,,,,,,,
12B000370,instant,credit,,,,,,,
12B000380,instant,credit,,,,,,,
12B000390,instant,credit,,,,,,,
12B000400,instant,credit,,,,,,,
12B000410,instant,credit,,,,,,,
12B000420,instant,credit,,,,,,,
12B000430,instant,credit,,,,,,,
12B000440,instant,credit,,,,,,,
12B000450,instant,credit,,,,,,,
12B000460,instant,credit,,,,,,,
12B000470,instant,credit,,,,,,,
12B000480,instant,credit,,,,,,,
12B000490,instant,credit,,,,,,,
12B000500,instant,credit,,,,,,,
12B000510,instant,credit,,,,,,,
12B300010,instant,credit,,,,,,,
12B300020,instant,credit,,,,,,,
12B000520,instant,credit,,,,,,,
12B000530,instant,credit,,,,,,,
12B000540,instant,credit,,,,,,,
12B000550,instant,credit,,,,,,,
12B000560,instant,credit,,,,,,,
12B000570,instant,credit,,,,,,,
12B000580,instant,credit,,,,,,,
12B000590,instant,credit,,,,,,,
12B000600,instant,credit,,,,,,,
12B000610,instant,credit,,,,,,,
12B000620,instant,credit,,,,,,,
12B000630,instant,credit,,,,,,,
12B000640,instant,credit,,,,,,,
12C000010,duration,,title,,,,,,
12C100010,instant,credit,,,,,,,
12C110010,instant,credit,,,,,,,
12C110020,instant,credit,,,,,,,
12C110030,instant,credit,,,,,,,
12C110040,instant,credit,,,,,,,
12C110050,instant,credit,,,,,,,
12C120010,instant,credit,,,,,,,
12C120020,instant,credit,,,,,,,
12C120030,instant,credit,,,,,,,
12C130010,instant,credit,,,,,,,
12C130020,instant,credit,,,,,,,
12C130030,instant,credit,,,,,,,
12C130040,instant,credit,,,,,,,
12C130050,instant,credit,,,,,,,
12C130060,instant,credit,,,,,,,
12C130070,instant,credit,,,,,,,
12C100020,instant,credit,,,,,,,
12C100030,instant,credit,,,,,,,
12C100040,instant,credit,,,,,,,
12C200010,instant,credit,,,,,,,
12C200020,instant,credit,,,,,,,
12C200030,instant,credit,,,,,,,
12C200040,instant,credit,,,,,,,
12C200050,instant,credit,,,,,,,
12C300010,instant,credit,,,,,,,
12C000020,instant,credit,,,,,,,
12C000030,instant,credit,,,,,,,
12C000040,instant,credit,,,,,,,
13A000010,duration,,title,,,,,,
13A000020,instant,debit,,,,,,,
13A000030,instant,debit,,,,,,,
13A000040,instant,debit,,,,,,,
13A000050,instant,debit,,,,,,,
13A000060,instant,debit,,,,,,,
13A000070,instant,debit,,,,,,,
13A000080,instant,debit,,,,,,,
13A000090,instant,debit,,,,,,,
13A000100,instant,debit,,,,,,,
13A000110,instant,debit,,,,,,,
13A000120,instant,debit,,,,,,,
13A000130,instant,debit,,,,,,,
13A000140,instant,debit,,,,,,,
13A000150,instant,debit,,,,,,,
13A000160,instant,debit,,,,,,,
13A000170,instant,debit,,,,,,,
13A000180,instant,debit,,,,,,,
13A000190,instant,debit,,,,,,,
13A000200,instant,debit,,,,,,,
13A000210,instant,debit,,,,,,,
13A000220,instant,debit,,,,,,,
13A000230,instant,debit,,,,,,,
13A000240,instant,debit,,,,,,,
13A000250,instant,debit,,,,,,,
13A000260,instant,debit,,,,,,,
13A000270,instant,debit,,,,,,,
13A000280,instant,debit,,,,,,,
13A000290,instant,debit,,,,,,,
13A000300,instant,debit,,,,,,,
13A000310,instant,debit,,,,,,,
13A000320,instant,debit,,,,,,,
13A000330,instant,debit,,,,,,,
13A000340,instant,debit,,,,,,,
13A000350,instant,debit,,,,,,,
13A000360,instant,debit,,,,,,,
13A000370,instant,debit,,,,,,,
13A000380,instant,debit,,,,,,,
13A000390,instant,debit,,,,,,,
13A000400,instant,debit,,,,,,,
13A000410,instant,debit,,,,,,,
13A000420,instant,debit,,,,,,,
13A000430,instant,debit,,,,,,,
13A000440,instant,debit,,,,,,,
13A000450,instant,debit,,,,,,,
13A300010,instant,debit,,,,,,,
13A000460,instant,debit,,,,,,,
13A000470,instant,debit,,,,,,,
13A000480,instant,debit,,,,,,,
13A210010,instant,debit,,,,,,,
13A210020,instant,debit,,,,,,,
13A210030,instant,debit,,,,,,,
13A210040,instant,debit,,,,,,,
13A210050,instant,debit,,,,,,,
13A210060,instant,debit,,,,,,,
13A220010,instant,debit,,,,,,,
13A220020,instant,debit,,,,,,,
13A220030,instant,debit,,,,,,,
13A220040,instant,debit,,,,,,,
13A220050,instant,debit,,,,,,,
13A000490,instant,debit,,,,,,,
13A000500,instant,debit,,,,,,,
13A000510,instant,debit,,,,,,,
13A000520,instant,debit,,,,,,,
13A000530,instant,debit,,,,,,,
13A000540,instant,debit,,,,,,,
13A000550,instant,debit,,,,,,,
13A000560,instant,debit,,,,,,,
13A000570,instant,debit,,,,,,,
13A000580,instant,debit,,,,,,,
13B000010,duration,,title,,,,,,
13B000020,instant,credit,,,,,,,
13B000030,instant,credit,,,,,,,
13B000040,instant,credit,,,,,,,
13B000050,instant,credit,,,,,,,
13B000060,instant,credit,,,,,,,
13B000070,instant,credit,,,,,,,
13B000080,instant,credit,,,,,,,
13B000090,instant,credit,,,,,,,
13B000100,instant,credit,,,,,,,
13B000110,instant,credit,,,,,,,
13B000120,instant,credit,,,,,,,
13B000130,instant,credit,,,,,,,
13B000140,instant,credit,,,,,,,
13B000150,instant,credit,,,,,,,
13B000160,instant,credit,,,,,,,
13B000170,instant,credit,,,,,,,
13B000180,instant,credit,,,,,,,
13B000190,instant,credit,,,,,,,
13B000200,instant,credit,,,,,,,
13B000210,instant,credit,,,,,,,
13B000220,instant,credit,,,,,,,
13B000230,instant,credit,,,,,,,
13B000240,instant,credit,,,,,,,
13B000250,instant,credit,,,,,,,
13B000260,instant,credit,,,,,,,
13B000270,instant,credit,,,,,,,
13B000280,instant,credit,,,,,,,
13B000290,instant,credit,,,,,,,
13B000300,instant,credit,,,,,,,
13B000310,instant,credit,,,,,,,
13B000320,instant,credit,,,,,,,
13B000330,instant,credit,,,,,,,
13B200010,instant,credit,,,,,,,
13B000340,instant,credit,,,,,,,
13B000350,instant,credit,,,,,,,
13B000360,instant,credit,,,,,,,
13B000370,instant,credit,,,,,,,
13B000380,instant,credit,,,,,,,
13B000390,instant,credit,,,,,,,
13B000400,instant,credit,,,,,,,
13B000410,instant,credit,,,,,,,
13B000420,instant,credit,,,,,,,
13B000430,instant,credit,,,,,,,
13B000440,instant,credit,,,,,,,
13B000450,instant,credit,,,,,,,
13B000460,instant,credit,,,,,,,
13B000470,instant,credit,,,,,,,
13B000480,instant,credit,,,,,,,
13B000490,instant,credit,,,,,,,
13B000500,instant,credit,,,,,,,
13B000510,instant,credit,,,,,,,
13B000520,instant,credit,,,,,,,
13B000530,instant,credit,,,,,,,
13B000540,instant,credit,,,,,,,
13B000550,instant,credit,,,,,,,
13B000560,instant,credit,,,,,,,
13B000570,instant,credit,,,,,,,
13B300010,instant,credit,,,,,,,
13B300020,instant,credit,,,,,,,
13B000580,instant,credit,,,,,,,
13B000590,instant,credit,,,,,,,
13B000600,instant,credit,,,,,,,
13B000610,instant,credit,,,,,,,
13B000620,instant,credit,,,,,,,
13B000630,instant,credit,,,,,,,
13B000640,instant,credit,,,,,,,
13B000650,instant,credit,,,,,,,
13B000660,instant,credit,,,,,,,
13B000670,instant,credit,,,,,,,
13B000680,instant,credit,,,,,,,
13B000690,instant,credit,,,,,,,
13B000700,instant,credit,,,,,,,
13C000010,duration,,title,,,,,,
13C100010,instant,credit,,,,,,,
13C110010,instant,credit,,,,,,,
13C110020,instant,credit,,,,,,,
13C110030,instant,credit,,,,,,,
13C110040,instant,credit,,,,,,,
13C110050,instant,credit,,,,,,,
13C120010,instant,credit,,,,,,,
13C120020,instant,credit,,,,,,,
13C120030,instant,credit,,,,,,,
13C130010,instant,credit,,,,,,,
13C130020,instant,credit,,,,,,,
13C130030,instant,credit,,,,,,,
13C130040,instant,credit,,,,,,,
13C130050,instant,credit,,,,,,,
13C130060,instant,credit,,,,,,,
13C130070,instant,credit,,,,,,,
13C100020,instant,credit,,,,,,,
13C100030,instant,credit,,,,,,,
13C100040,instant,credit,,,,,,,
13C200010,instant,credit,,,,,,,
13C200020,instant,credit,,,,,,,
13C200030,instant,credit,,,,,,,
13C200040,instant,credit,,,,,,,
13C200050,instant,credit,,,,,,,
13C300010,instant,credit,,,,,,,
13C000020,instant,credit,,,,,,,
13C000030,instant,credit,,,,,,,
13C000040,instant,credit,,,,,,,
14A000010,duration,,title,,,,,,
14A100010,duration,,title,,,,,,
14A100020,instant,debit,,,,,,,
14A100030,instant,debit,,,,,,,
14A100040,instant,debit,,,,,,,
14A100050,instant,debit,,,,,,,
14A100060,instant,debit,,,,,,,
14A100070,instant,debit,,,,,,,
14A100080,instant,debit,,,,,,,
14A100090,instant,debit,,,,,,,
14A100100,instant,debit,,,,,,,
14A100110,instant,debit,,,,,,,
14A100120,instant,debit,,,,,,,
14A100130,instant,debit,,,,,,,
14A200010,duration,,title,,,,,,
14A210010,duration,,title,,,,,,
14A210020,instant,debit,,,,,,,
14A210030,instant,debit,,,,,,,
14A210040,instant,debit,,,,,,,
14A210050,instant,debit,,,,,,,
14A210060,instant,debit,,,,,,,
14A210070,instant,debit,,,,,,,
14A210080,instant,debit,,,,,,,
14A210090,instant,debit,,,,,,,
14A210100,instant,debit,,,,,,,
14A210110,instant,debit,,,,,,,
14A210120,instant,debit,,,,,,,
14A210130,instant,debit,,,,,,,
14A210140,instant,debit,,,,,,,
14A220010,duration,,title,,,,,,
14A220020,instant,debit,,,,,,,
14A220030,instant,debit,,,,,,,
14A220040,instant,debit,,,,,,,
14A220050,instant,debit,,,,,,,
14A230010,duration,,title,,,,,,
14A230020,instant,debit,,,,,,,
14A230030,instant,debit,,,,,,,
14A230040,instant,debit,,,,,,,
14A230050,instant,debit,,,,,,,
14A230060,instant,debit,,,,,,,
14A230070,instant,debit,,,,,,,
14A230080,instant,debit,,,,,,,
14A230090,instant,debit,,,,,,,
14A230100,instant,debit,,,,,,,
14A230110,instant,debit,,,,,,,
14A200020,instant,debit,,,,,,,
14A300010,duration,,title,,,,,,
14A300020,instant,debit,,,,,,,
14A300030,instant,debit,,,,,,,
14A300040,instant,debit,,,,,,,
14A300050,instant,debit,,,,,,,
14A300060,instant,debit,,,,,,,
14A300070,instant,debit,,,,,,,
14A000020,instant,debit,,,,,,,
14B000010,duration,,title,,,,,,
14B100010,duration,,title,,,,,,
14B100020,instant,credit,,,,,,,
14B100030,instant,credit,,,,,,,
14B100040,instant,credit,,,,,,,
14B100050,instant,credit,,,,,,,
14B100060,instant,credit,,,,,,,
14B100070,instant,credit,,,,,,,
14B100080,instant,credit,,,,,,,
14B100090,instant,credit,,,,,,,
14B100100,instant,credit,,,,,,,
14B100110,instant,credit,,,,,,,
14B100120,instant,credit,,,,,,,
14B100130,instant,credit,,,,,,,
14B100140,instant,credit,,,,,,,
14B200010,duration,,title,,,,,,
14B200020,instant,credit,,,,,,,
14B200030,instant,credit,,,,,,,
14B200040,instant,credit,,,,,,,
14B200050,instant,credit,,,,,,,
14B200060,instant,credit,,,,,,,
14B200070,instant,credit,,,,,,,
14B200080,instant,credit,,,,,,,
14B200090,instant,credit,,,,,,,
14B000020,instant,credit,,,,,,,
14C000010,duration,,title,,,,,,
14C100010,duration,,title,,,,,,
14C110010,instant,credit,,,,,,,
14C110020,instant,credit,,,,,,,
14C120010,duration,,title,,,,,,
14C120020,instant,credit,,,,,,,
14C120030,instant,credit,,,,,,,
14C120040,instant,credit,,,,,,,
14C130010,duration,,title,,,,,,
14C130020,instant,credit,,,,,,,
14C130030,duration,,title,,,,,,
14C130040,instant,credit,,,,,,,
14C130050,instant,credit,,,,,,,
14C130060,instant,credit,,,,,,,
14C100020,instant,credit,,,,,,,
14C100030,instant,credit,,,,,,,
14C100040,instant,credit,,,,,,,
14C200010,duration,,title,,,,,,
14C200020,instant,credit,,,,,,,
14C200030,instant,credit,,,,,,,
14C200040,instant,credit,,,,,,,
14C200050,instant,credit,,,,,,,
14C300010,instant,credit,,,,,,,
14C000020,instant,credit,,,,,,,
14C000030,instant,credit,,,,,,,
14C000040,instant,credit,,,,,,,
15A000010,duration,,title,,,,,,
15A100010,duration,,title,,,,,,
15A100020,instant,debit,,,,,,,
15A100030,instant,debit,,,,,,,
15A100040,instant,debit,,,,,,,
15A100050,instant,debit,,,,,,,
15A100060,instant,debit,,,,,,,
15A100070,instant,debit,,,,,,,
15A100080,instant,debit,,,,,,,
15A100090,instant,debit,,,,,,,
15A100100,instant,debit,,,,,,,
15A100110,instant,debit,,,,,,,
15A100120,instant,debit,,,,,,,
15A100130,instant,debit,,,,,,,
15A100140,instant,debit,,,,,,,
15A100150,instant,debit,,,,,,,
15A100160,instant,debit,,,,,,,
15A100170,instant,debit,,,,,,,
15A100180,instant,debit,,,,,,,
15A100190,instant,debit,,,,,,,
15A100200,instant,debit,,,,,,,
15A100210,instant,debit,,,,,,,
15A100220,instant,debit,,,,,,,
15A100230,instant,debit,,,,,,,
15A100240,instant,debit,,,,,,,
15A100250,instant,debit,,,,,,,
15A100260,instant,debit,,,,,,,
15A100270,instant,debit,,,,,,,
15A100280,instant,debit,,,,,,,
15A100290,instant,debit,,,,,,,
15A100300,instant,debit,,,,,,,
15A100310,instant,debit,,,,,,,
15A100320,instant,debit,,,,,,,
15A100330,instant,debit,,,,,,,
15A100340,instant,debit,,,,,,,
15A100350,instant,debit,,,,,,,
15A100360,instant,debit,,,,,,,
15A100370,instant,debit,,,,,,,
15A200010,duration,,title,,,,,,
15A210010,duration,,title,,,,,,
15A210020,instant,debit,,,,,,,
15A210030,instant,debit,,,,,,,
15A210040,instant,debit,,,,,,,
15A220010,duration,,title,,,,,,
15A220020,instant,debit,,,,,,,
15A230010,duration,,title,,,,,,
15A230020,instant,debit,,,,,,,
15A230030,instant,debit,,,,,,,
15A230040,instant,debit,,,,,,,
15A230050,instant,debit,,,,,,,
15A230060,instant,debit,,,,,,,
15A230070,instant,debit,,,,,,,
15A230080,instant,debit,,,,,,,
15A230090,instant,debit,,,,,,,
15A200020,instant,debit,,,,,,,
15A300010,duration,,title,,,,,,
15A300020,instant,debit,,,,,,,
15A300030,instant,debit,,,,,,,
15A000020,instant,debit,,,,,,,
15B000010,duration,,title,,,,,,
15B100010,duration,,title,,,,,,
15B100020,instant,credit,,,,,,,
15B100030,instant,credit,,,,,,,
15B100040,instant,credit,,,,,,,
15B100050,instant,credit,,,,,,,
15B100060,instant,credit,,,,,,,
15B100070,instant,credit,,,,,,,
15B100080,instant,credit,,,,,,,
15B100090,instant,credit,,,,,,,
15B100100,instant,credit,,,,,,,
15B100110,instant,credit,,,,,,,
15B100120,instant,credit,,,,,,,
15B100130,instant,credit,,,,,,,
15B100140,instant,credit,,,,,,,
15B100150,instant,credit,,,,,,,
15B100160,instant,credit,,,,,,,
15B100170,instant,credit,,,,,,,
15B100180,instant,credit,,,,,,,
15B100190,instant,credit,,,,,,,
15B100200,instant,credit,,,,,,,
15B100210,instant,credit,,,,,,,
15B100220,instant,credit,,,,,,,
15B100230,instant,credit,,,,,,,
15B100240,instant,credit,,,,,,,
15B100250,instant,credit,,,,,,,
15B100260,instant,credit,,,,,,,
15B100270,instant,credit,,,,,,,
15B100280,instant,credit,,,,,,,
15B100290,instant,credit,,,,,,,
15B100300,instant,credit,,,,,,,
15B100310,instant,credit,,,,,,,
15B100320,instant,credit,,,,,,,
15B100330,instant,credit,,,,,,,
15B200010,duration,,title,,,,,,
15B200020,instant,credit,,,,,,,
15B200030,instant,credit,,,,,,,
15B200040,instant,credit,,,,,,,
15B200050,instant,credit,,,,,,,
15B200060,instant,credit,,,,,,,
15B200070,instant,credit,,,,,,,
15B300010,duration,,title,,,,,,
15B300020,instant,credit,,,,,,,
15B300030,instant,credit,,,,,,,
15B000020,instant,credit,,,,,,,
15C000010,duration,,title,,,,,,
15C100010,duration,,title,,,,,,
15C110010,instant,credit,,,,,,,
15C110020,instant,credit,,,,,,,
15C120010,duration,,title,,,,,,
15C120020,instant,credit,,,,,,,
15C120030,instant,credit,,,,,,,
15C120040,instant,credit,,,,,,,
15C130010,duration,,title,,,,,,
15C130020,instant,credit,,,,,,,
15C130030,duration,,title,,,,,,
15C130040,instant,credit,,,,,,,
15C130050,instant,credit,,,,,,,
15C130060,instant,credit,,,,,,,
15C100020,instant,credit,,,,,,,
15C100030,instant,credit,,,,,,,
15C100040,instant,credit,,,,,,,
15C200010,duration,,title,,,,,,
15C200020,instant,credit,,,,,,,
15C200030,instant,credit,,,,,,,
15C200040,instant,credit,,,,,,,
15C200050,instant,credit,,,,,,,
15C200060,instant,credit,,,,,,,
15C300010,instant,credit,,,,,,,
15C000020,instant,credit,,,,,,,
15C000030,instant,credit,,,,,,,
15C000040,instant,credit,,,,,,,
16A000010,duration,,title,,,,,,
16A000020,instant,debit,,,,,,,
16A000030,instant,debit,,,,,,,
16A000040,instant,debit,,,,,,,
16A000050,instant,debit,,,,,,,
16A000060,instant,debit,,,,,,,
16A000070,instant,debit,,,,,,,
16A000080,instant,debit,,,,,,,
16A000090,instant,debit,,,,,,,
16A000100,instant,debit,,,,,,,
16A000110,instant,debit,,,,,,,
16A000120,instant,debit,,,,,,,
16A000130,instant,debit,,,,,,,
16A000140,instant,debit,,,,,,,
16A000150,instant,debit,,,,,,,
16A000160,instant,debit,,,,,,,
16A000170,instant,debit,,,,,,,
16A000180,instant,debit,,,,,,,
16A000190,instant,debit,,,,,,,
16A000200,instant,debit,,,,,,,
16A000210,instant,debit,,,,,,,
16A000220,instant,debit,,,,,,,
16A210010,instant,debit,,,,,,,
16A210020,instant,debit,,,,,,,
16A210030,instant,debit,,,,,,,
16A210040,instant,debit,,,,,,,
16A210050,instant,debit,,,,,,,
16A210060,instant,debit,,,,,,,
16A220010,instant,debit,,,,,,,
16A220020,instant,debit,,,,,,,
16A220030,instant,debit,,,,,,,
16A220040,instant,debit,,,,,,,
16A220050,instant,debit,,,,,,,
16A000230,instant,debit,,,,,,,
16A000240,instant,debit,,,,,,,
16A000250,instant,debit,,,,,,,
16A000260,instant,debit,,,,,,,
16A000270,instant,debit,,,,,,,
16A000280,instant,debit,,,,,,,
16A000290,instant,debit,,,,,,,
16A000300,instant,debit,,,,,,,
16A000310,instant,debit,,,,,,,
16A000320,instant,debit,,,,,,,
16A000330,instant,debit,,,,,,,
16A000340,instant,debit,,,,,,,
16A000350,instant,debit,,,,,,,
16A000360,instant,debit,,,,,,,
16A000370,instant,debit,,,,,,,
16A000380,instant,debit,,,,,,,
16A000390,instant,debit,,,,,,,
16A000400,instant,debit,,,,,,,
16A000410,instant,debit,,,,,,,
16A000420,instant,debit,,,,,,,
16A000430,instant,debit,,,,,,,
16A000440,instant,debit,,,,,,,
16A000450,instant,debit,,,,,,,
16A000460,instant,debit,,,,,,,
16A000470,instant,debit,,,,,,,
16A000480,instant,debit,,,,,,,
16A000490,instant,debit,,,,,,,
16B000010,duration,,title,,,,,,
16B000020,instant,credit,,,,,,,
16B000030,instant,credit,,,,,,,
16B000040,instant,credit,,,,,,,
16B000050,instant,credit,,,,,,,
16B000060,instant,credit,,,,,,,
16B000070,instant,credit,,,,,,,
16B000080,instant,credit,,,,,,,
16B000090,instant,credit,,,,,,,
16B000100,instant,credit,,,,,,,
16B000110,instant,credit,,,,,,,
16B000120,instant,credit,,,,,,,
16B000130,instant,credit,,,,,,,
16B200010,instant,credit,,,,,,,
16B000140,instant,credit,,,,,,,
16B000150,instant,credit,,,,,,,
16B000160,instant,credit,,,,,,,
16B000170,instant,credit,,,,,,,
16B000180,instant,credit,,,,,,,
16B000190,instant,credit,,,,,,,
16B000200,instant,credit,,,,,,,
16B000210,instant,credit,,,,,,,
16B000220,instant,credit,,,,,,,
16B000230,instant,credit,,,,,,,
16B000240,instant,credit,,,,,,,
16B000250,instant,credit,,,,,,,
16B000260,instant,credit,,,,,,,
16B000270,instant,credit,,,,,,,
16B000280,instant,credit,,,,,,,
16B000290,instant,credit,,,,,,,
16B000300,instant,credit,,,,,,,
16B000310,instant,credit,,,,,,,
16B000320,instant,credit,,,,,,,
16B000330,instant,credit,,,,,,,
16B000340,instant,credit,,,,,,,
16B000350,instant,credit,,,,,,,
16B300010,instant,credit,,,,,,,
16B300020,instant,credit,,,,,,,
16B300030,instant,credit,,,,,,,
16B000360,instant,credit,,,,,,,
16B000370,instant,credit,,,,,,,
16B000380,instant,credit,,,,,,,
16B000390,instant,credit,,,,,,,
16B000400,instant,credit,,,,,,,
16C000010,duration,,title,,,,,,
16C100010,duration,,title,,,,,,
16C110010,instant,credit,,,,,,,
16C110020,instant,credit,,,,,,,
16C120010,duration,,title,,,,,,
16C120020,instant,credit,,,,,,,
16C120030,instant,credit,,,,,,,
16C120040,instant,credit,,,,,,,
16C130010,duration,,title,,,,,,
16C130020,instant,credit,,,,,,,
16C130030,instant,credit,,,,,,,
16C130040,instant,credit,,,,,,,
16C130050,instant,credit,,,,,,,
16C100020,instant,credit,,,,,,,
16C100030,instant,credit,,,,,,,
16C100040,instant,credit,,,,,,,
16C200010,duration,,title,,,,,,
16C200020,instant,credit,,,,,,,
16C200030,instant,credit,,,,,,,
16C200040,instant,credit,,,,,,,
16C200050,instant,credit,,,,,,,
16C200060,instant,credit,,,,,,,
16C300010,instant,credit,,,,,,,
16C000020,instant,credit,,,,,,,
16C000030,instant,credit,,,,,,,
16C000040,instant,credit,,,,,,,
17A000010,duration,,title,,,,,,
17A000020,instant,debit,,,,,,,
17A000030,instant,debit,,,,,,,
17A000040,instant,debit,,,,,,,
17A000050,instant,debit,,,,,,,
17A000060,instant,debit,,,,,,,
17A000070,instant,debit,,,,,,,
17A000080,instant,debit,,,,,,,
17A000090,instant,debit,,,,,,,
17A000100,instant,debit,,,,,,,
17A000110,instant,debit,,,,,,,
17A000120,instant,debit,,,,,,,
17A000130,instant,debit,,,,,,,
17A000140,instant,debit,,,,,,,
17A000150,instant,debit,,,,,,,
17A000160,instant,debit,,,,,,,
17A000170,instant,debit,,,,,,,
17A000180,instant,debit,,,,,,,
17A000190,instant,debit,,,,,,,
17A000200,instant,debit,,,,,,,
17A000210,instant,debit,,,,,,,
17A000220,instant,debit,,,,,,,
17A210010,instant,debit,,,,,,,
17A210020,instant,debit,,,,,,,
17A210030,instant,debit,,,,,,,
17A210040,instant,debit,,,,,,,
17A210050,instant,debit,,,,,,,
17A210060,instant,debit,,,,,,,
17A220010,instant,debit,,,,,,,
17A220020,instant,debit,,,,,,,
17A220030,instant,debit,,,,,,,
17A220040,instant,debit,,,,,,,
17A220050,instant,debit,,,,,,,
17A000230,instant,debit,,,,,,,
17A000240,instant,debit,,,,,,,
17A000250,instant,debit,,,,,,,
17A000260,instant,debit,,,,,,,
17A000270,instant,debit,,,,,,,
17A000280,instant,debit,,,,,,,
17A000290,instant,debit,,,,,,,
17A000300,instant,debit,,,,,,,
17A000310,instant,debit,,,,,,,
17A000320,instant,debit,,,,,,,
17A000330,instant,debit,,,,,,,
17A000340,instant,debit,,,,,,,
17A000350,instant,debit,,,,,,,
17A000360,instant,debit,,,,,,,
17A000370,instant,debit,,,,,,,
17A000380,instant,debit,,,,,,,
17A000390,instant,debit,,,,,,,
17A000400,instant,debit,,,,,,,
17A000410,instant,debit,,,,,,,
17A000420,instant,debit,,,,,,,
17A000430,instant,debit,,,,,,,
17A000440,instant,debit,,,,,,,
17A000450,instant,debit,,,,,,,
17A000460,instant,debit,,,,,,,
17A000470,instant,debit,,,,,,,
17A000480,instant,debit,,,,,,,
17A000490,instant,debit,,,,,,,
17A000500,instant,debit,,,,,,,
17B000010,duration,,title,,,,,,
17B000020,instant,credit,,,,,,,
17B000030,instant,credit,,,,,,,
17B000040,instant,credit,,,,,,,
17B000050,instant,credit,,,,,,,
17B000060,instant,credit,,,,,,,
17B000070,instant,credit,,,,,,,
17B000080,instant,credit,,,,,,,
17B200010,instant,credit,,,,,,,
17B000090,instant,credit,,,,,,,
17B000100,instant,credit,,,,,,,
17B000110,instant,credit,,,,,,,
17B000120,instant,credit,,,,,,,
17B000130,instant,credit,,,,,,,
17B000140,instant,credit,,,,,,,
17B000150,instant,credit,,,,,,,
17B000160,instant,credit,,,,,,,
17B000170,instant,credit,,,,,,,
17B000180,instant,credit,,,,,,,
17B000190,instant,credit,,,,,,,
17B000200,instant,credit,,,,,,,
17B000210,instant,credit,,,,,,,
17B000220,instant,credit,,,,,,,
17B000230,instant,credit,,,,,,,
17B000240,instant,credit,,,,,,,
17B000250,instant,credit,,,,,,,
17B000260,instant,credit,,,,,,,
17B000270,instant,credit,,,,,,,
17B000280,instant,credit,,,,,,,
17B000290,instant,credit,,,,,,,
17B000300,instant,credit,,,,,,,
17B000310,instant,credit,,,,,,,
17B000320,instant,credit,,,,,,,
17B000330,instant,credit,,,,,,,
17B300010,instant,credit,,,,,,,
17B300020,instant,credit,,,,,,,
17B300030,instant,credit,,,,,,,
17B000340,instant,credit,,,,,,,
17B000350,instant,credit,,,,,,,
17B000360,instant,credit,,,,,,,
17B000370,instant,credit,,,,,,,
17B000380,instant,credit,,,,,,,
17C000010,duration,,title,,,,,,
17C100010,duration,,title,,,,,,
17C110010,instant,credit,,,,,,,
17C110020,instant,credit,,,,,,,
17C120010,duration,,title,,,,,,
17C120020,instant,credit,,,,,,,
17C120030,instant,credit,,,,,,,
17C120040,instant,credit,,,,,,,
17C130010,duration,,title,,,,,,
17C130020,instant,credit,,,,,,,
17C130030,instant,credit,,,,,,,
17C130040,instant,credit,,,,,,,
17C130050,instant,credit,,,,,,,
17C100020,instant,credit,,,,,,,
17C100030,instant,credit,,,,,,,
17C100040,instant,credit,,,,,,,
17C200010,duration,,title,,,,,,
17C200020,instant,credit,,,,,,,
17C200030,instant,credit,,,,,,,
17C200040,instant,credit,,,,,,,
17C200050,instant,credit,,,,,,,
17C200060,instant,credit,,,,,,,
17C300010,instant,credit,,,,,,,
17C000020,instant,credit,,,,,,,
17C000030,instant,credit,,,,,,,
17C000040,instant,credit,,,,,,,
18A000010,duration,,title,,,,,,
18A100010,duration,,title,,,,,,
18A100020,instant,debit,,,,,,,
18A100030,instant,debit,,,,,,,
18A100040,instant,debit,,,,,,,
18A100050,instant,debit,,,,,,,
18A100060,instant,debit,,,,,,,
18A100070,instant,debit,,,,,,,
18A100080,instant,debit,,,,,,,
18A100090,instant,debit,,,,,,,
18A100100,instant,debit,,,,,,,
18A100110,instant,debit,,,,,,,
18A100120,instant,debit,,,,,,,
18A100130,instant,debit,,,,,,,
18A100140,instant,debit,,,,,,,
18A100150,instant,debit,,,,,,,
18A100160,instant,debit,,,,,,,
18A100170,instant,debit,,,,,,,
18A100180,instant,debit,,,,,,,
18A100190,instant,debit,,,,,,,
18A100200,instant,debit,,,,,,,
18A100210,instant,debit,,,,,,,
18A200010,duration,,title,,,,,,
18A200020,duration,,title,,,,,,
18A210010,instant,debit,,,,,,,
18A210020,instant,debit,,,,,,,
18A210030,instant,debit,,,,,,,
18A210040,instant,debit,,,,,,,
18A210050,instant,debit,,,,,,,
18A210060,instant,debit,,,,,,,
18A210070,instant,debit,,,,,,,
18A210080,instant,debit,,,,,,,
18A210090,instant,debit,,,,,,,
18A220010,instant,debit,,,,,,,
18A220020,instant,debit,,,,,,,
18A220030,instant,debit,,,,,,,
18A220040,instant,debit,,,,,,,
18A220050,instant,debit,,,,,,,
18A220060,instant,debit,,,,,,,
18A200030,instant,debit,,,,,,,
18A200040,duration,,title,,,,,,
18A210100,instant,debit,,,,,,,
18A210110,instant,debit,,,,,,,
18A210120,instant,debit,,,,,,,
18A220070,instant,debit,,,,,,,
18A200050,instant,debit,,,,,,,
18A200060,duration,,title,,,,,,
18A210130,instant,debit,,,,,,,
18A210140,instant,debit,,,,,,,
18A210150,instant,debit,,,,,,,
18A220080,instant,debit,,,,,,,
18A200070,instant,debit,,,,,,,
18A210160,duration,,title,,,,,,
18A210170,instant,debit,,,,,,,
18A210180,instant,debit,,,,,,,
18A210190,instant,debit,,,,,,,
18A210200,instant,debit,,,,,,,
18A210210,instant,debit,,,,,,,
18A210220,instant,debit,,,,,,,
18A210230,instant,debit,,,,,,,
18A210240,instant,debit,,,,,,,
18A210250,instant,debit,,,,,,,
18A210260,instant,debit,,,,,,,
18A210270,instant,debit,,,,,,,
18A230010,duration,,title,,,,,,
18A230020,instant,debit,,,,,,,
18A230030,instant,debit,,,,,,,
18A230040,instant,debit,,,,,,,
18A230050,instant,debit,,,,,,,
18A230060,instant,debit,,,,,,,
18A230070,instant,debit,,,,,,,
18A230080,instant,debit,,,,,,,
18A230090,instant,debit,,,,,,,
18A230100,instant,debit,,,,,,,
18A230110,instant,debit,,,,,,,
18A200080,instant,debit,,,,,,,
18A200090,duration,,title,,,,,,
18A210280,instant,debit,,,,,,,
18A210290,instant,debit,,,,,,,
18A210300,instant,debit,,,,,,,
18A220090,instant,debit,,,,,,,
18A200100,instant,debit,,,,,,,
18A200110,duration,,title,,,,,,
18A210310,instant,debit,,,,,,,
18A210320,instant,debit,,,,,,,
18A210330,instant,debit,,,,,,,
18A210340,instant,debit,,,,,,,
18A220100,instant,debit,,,,,,,
18A200120,instant,debit,,,,,,,
18A200130,duration,,title,,,,,,
18A210350,instant,debit,,,,,,,
18A210360,instant,debit,,,,,,,
18A210370,instant,debit,,,,,,,
18A220110,instant,debit,,,,,,,
18A200140,instant,debit,,,,,,,
18A200150,duration,,title,,,,,,
18A210380,instant,debit,,,,,,,
18A210390,instant,debit,,,,,,,
18A210400,instant,debit,,,,,,,
18A220120,instant,debit,,,,,,,
18A200160,instant,debit,,,,,,,
18A200170,duration,,title,,,,,,
18A210410,instant,debit,,,,,,,
18A210420,instant,debit,,,,,,,
18A210430,instant,debit,,,,,,,
18A220130,instant,debit,,,,,,,
18A200180,instant,debit,,,,,,,
18A200190,duration,,title,,,,,,
18A210440,instant,debit,,,,,,,
18A210450,instant,debit,,,,,,,
18A210460,instant,debit,,,,,,,
18A220140,instant,debit,,,,,,,
18A200200,instant,debit,,,,,,,
18A200210,duration,,title,,,,,,
18A210470,instant,debit,,,,,,,
18A210480,instant,debit,,,,,,,
18A210490,instant,debit,,,,,,,
18A220150,instant,debit,,,,,,,
18A200220,instant,debit,,,,,,,
18A200230,instant,debit,,,,,,,
18A200240,instant,debit,,,,,,,
18A200250,duration,,title,,,,,,
18A210500,instant,debit,,,,,,,
18A210510,instant,debit,,,,,,,
18A210520,instant,debit,,,,,,,
18A220160,instant,debit,,,,,,,
18A200260,instant,debit,,,,,,,
18A300010,duration,,title,,,,,,
18A300020,instant,debit,,,,,,,
18A300030,instant,debit,,,,,,,
18A000020,instant,debit,,,,,,,
18B000010,duration,,title,,,,,,
18B100010,duration,,title,,,,,,
18B100020,instant,credit,,,,,,,
18B100030,instant,credit,,,,,,,
18B100040,instant,credit,,,,,,,
18B100050,instant,credit,,,,,,,
18B100060,instant,credit,,,,,,,
18B100070,instant,credit,,,,,,,
18B100080,instant,credit,,,,,,,
18B100090,instant,credit,,,,,,,
18B100100,instant,credit,,,,,,,
18B100110,instant,credit,,,,,,,
18B100120,instant,credit,,,,,,,
18B100130,instant,credit,,,,,,,
18B100140,instant,credit,,,,,,,
18B100150,instant,credit,,,,,,,
18B100160,instant,credit,,,,,,,
18B200010,duration,,title,,,,,,
18B200020,instant,credit,,,,,,,
18B200030,instant,credit,,,,,,,
18B200040,instant,credit,,,,,,,
18B200050,instant,credit,,,,,,,
18B200060,instant,credit,,,,,,,
18B200070,instant,credit,,,,,,,
18B200080,instant,credit,,,,,,,
18B200090,instant,credit,,,,,,,
18B200100,instant,credit,,,,,,,
18B300010,duration,,title,,,,,,
18B300020,instant,credit,,,,,,,
18B300030,instant,credit,,,,,,,
18B000020,instant,credit,,,,,,,
18C000010,duration,,title,,,,,,
18C100010,duration,,title,,,,,,
18C110010,instant,credit,,,,,,,
18C110020,instant,credit,,,,,,,
18C120010,duration,,title,,,,,,
18C120020,instant,credit,,,,,,,
18C120030,instant,credit,,,,,,,
18C120040,instant,credit,,,,,,,
18C130010,duration,,title,,,,,,
18C130020,instant,credit,,,,,,,
18C130030,duration,,title,,,,,,
18C130040,instant,credit,,,,,,,
18C130050,instant,credit,,,,,,,
18C100020,instant,credit,,,,,,,
18C100030,instant,credit,,,,,,,
18C100040,instant,credit,,,,,,,
18C200010,duration,,title,,,,,,
18C200020,instant,credit,,,,,,,
18C200030,instant,credit,,,,,,,
18C200040,instant,credit,,,,,,,
18C200050,instant,credit,,,,,,,
18C300010,instant,credit,,,,,,,
18C000020,instant,credit,,,,,,,
18C000030,instant,credit,,,,,,,
18C000040,instant,credit,,,,,,,
19A000010,duration,,title,,,,,,
19A100010,duration,,title,,,,,,
19A100020,instant,debit,,,,,,,
19A100030,instant,debit,,,,,,,
19A100040,instant,debit,,,,,,,
19A100050,instant,debit,,,,,,,
19A100060,instant,debit,,,,,,,
19A100070,instant,debit,,,,,,,
19A100080,instant,debit,,,,,,,
19A100090,instant,debit,,,,,,,
19A100100,instant,debit,,,,,,,
19A100110,instant,debit,,,,,,,
19A100120,instant,debit,,,,,,,
19A100130,instant,debit,,,,,,,
19A100140,instant,debit,,,,,,,
19A100150,instant,debit,,,,,,,
19A100160,instant,debit,,,,,,,
19A100170,instant,debit,,,,,,,
19A100180,instant,debit,,,,,,,
19A100190,instant,debit,,,,,,,
19A100200,instant,debit,,,,,,,
19A100210,instant,debit,,,,,,,
19A100220,instant,debit,,,,,,,
19A100230,instant,debit,,,,,,,
19A100240,instant,debit,,,,,,,
19A100250,instant,debit,,,,,,,
19A100260,instant,debit,,,,,,,
19A200010,duration,,title,,,,,,
19A210010,duration,,title,,,,,,
19A210020,instant,debit,,,,,,,
19A210030,instant,debit,,,,,,,
19A210040,instant,debit,,,,,,,
19A210050,instant,debit,,,,,,,
19A210060,instant,debit,,,,,,,
19A210070,instant,debit,,,,,,,
19A210080,instant,debit,,,,,,,
19A210090,instant,debit,,,,,,,
19A210100,instant,debit,,,,,,,
19A210110,instant,debit,,,,,,,
19A210120,instant,debit,,,,,,,
19A210130,instant,debit,,,,,,,
19A210140,instant,debit,,,,,,,
19A210150,instant,debit,,,,,,,
19A210160,instant,debit,,,,,,,
19A210170,instant,debit,,,,,,,
19A210180,instant,debit,,,,,,,
19A210190,instant,debit,,,,,,,
19A210200,instant,debit,,,,,,,
19A210210,instant,debit,,,,,,,
19A210220,instant,debit,,,,,,,
19A210230,instant,debit,,,,,,,
19A210240,instant,debit,,,,,,,
19A210250,instant,debit,,,,,,,
19A210260,instant,debit,,,,,,,
19A210270,instant,debit,,,,,,,
19A220010,duration,,title,,,,,,
19A220020,instant,debit,,,,,,,
19A220030,instant,debit,,,,,,,
19A220040,instant,debit,,,,,,,
19A220050,instant,debit,,,,,,,
19A220060,instant,debit,,,,,,,
19A230010,duration,,title,,,,,,
19A230020,instant,debit,,,,,,,
19A230030,instant,debit,,,,,,,
19A230040,instant,debit,,,,,,,
19A230050,instant,debit,,,,,,,
19A230060,instant,debit,,,,,,,
19A230070,instant,debit,,,,,,,
19A230080,instant,debit,,,,,,,
19A230090,instant,debit,,,,,,,
19A230100,instant,debit,,,,,,,
19A230110,instant,debit,,,,,,,
19A230120,instant,debit,,,,,,,
19A230130,instant,debit,,,,,,,
19A230140,instant,debit,,,,,,,
19A230150,instant,debit,,,,,,,
19A230160,instant,debit,,,,,,,
19A230170,instant,debit,,,,,,,
19A230180,instant,debit,,,,,,,
19A230190,instant,debit,,,,,,,
19A230200,instant,debit,,,,,,,
19A230210,instant,debit,,,,,,,
19A230220,instant,debit,,,,,,,
19A200020,instant,debit,,,,,,,
19A300010,duration,,title,,,,,,
19A300020,instant,debit,,,,,,,
19A300030,instant,debit,,,,,,,
19A300040,instant,debit,,,,,,,
19A300050,instant,debit,,,,,,,
19A300060,instant,debit,,,,,,,
19A300070,instant,debit,,,,,,,
19A000020,instant,debit,,,,,,,
19B000010,duration,,title,,,,,,
19B100010,duration,,title,,,,,,
19B100020,instant,credit,,,,,,,
19B100030,instant,credit,,,,,,,
19B100040,instant,credit,,,,,,,
19B100050,instant,credit,,,,,,,
19B100060,instant,credit,,,,,,,
19B100070,instant,credit,,,,,,,
19B100080,instant,credit,,,,,,,
19B100090,instant,credit,,,,,,,
19B100100,instant,credit,,,,,,,
19B100110,instant,credit,,,,,,,
19B100120,instant,credit,,,,,,,
19B100130,duration,,title,,,,,,
19B100140,instant,credit,,,,,,,
19B100150,instant,credit,,,,,,,
19B100160,instant,credit,,,,,,,
19B100170,instant,credit,,,,,,,
19B100180,instant,credit,,,,,,,
19B100190,instant,credit,,,,,,,
19B200010,duration,,title,,,,,,
19B200020,instant,credit,,,,,,,
19B200030,instant,credit,,,,,,,
19B200040,instant,credit,,,,,,,
19B200050,duration,,title,,,,,,
19B200060,instant,credit,,,,,,,
19B200070,instant,credit,,,,,,,
19B200080,instant,credit,,,,,,,
19B200090,instant,credit,,,,,,,
19B200100,instant,credit,,,,,,,
19B200110,instant,credit,,,,,,,
19B200120,instant,credit,,,,,,,
19B200130,instant,credit,,,,,,,
19B200140,instant,credit,,,,,,,
19B000020,instant,credit,,,,,,,
19C000010,duration,,title,,,,,,
19C100010,duration,,title,,,,,,
19C110010,instant,credit,,,,,,,
19C110020,instant,credit,,,,,,,
19C120010,duration,,title,,,,,,
19C120020,instant,credit,,,,,,,
19C120030,instant,credit,,,,,,,
19C120040,instant,credit,,,,,,,
19C130010,duration,,title,,,,,,
19C130020,instant,credit,,,,,,,
19C130030,duration,,title,,,,,,
19C130040,instant,credit,,,,,,,
19C130050,instant,credit,,,,,,,
19C100020,instant,credit,,,,,,,
19C100030,instant,credit,,,,,,,
19C200010,duration,,title,,,,,,
19C200020,instant,credit,,,,,,,
19C200030,instant,credit,,,,,,,
19C200040,instant,credit,,,,,,,
19C200050,instant,credit,,,,,,,
19C300010,instant,credit,,,,,,,
19C000020,instant,credit,,,,,,,
19C000030,instant,credit,,,,,,,
19C000040,instant,credit,,,,,,,
20A000010,duration,,title,,,,,,
20A100010,duration,,title,,,,,,
20A100020,instant,debit,,,,,,,
20A100030,instant,debit,,,,,,,
20A100040,instant,debit,,,,,,,
20A100050,instant,debit,,,,,,,
20A100060,instant,debit,,,,,,,
20A100070,instant,debit,,,,,,,
20A100080,instant,debit,,,,,,,
20A100090,instant,debit,,,,,,,
20A100100,instant,debit,,,,,,,
20A100110,instant,debit,,,,,,,
20A100120,instant,debit,,,,,,,
20A100130,instant,debit,,,,,,,
20A100140,instant,debit,,,,,,,
20A100150,instant,debit,,,,,,,
20A100160,instant,debit,,,,,,,
20A100170,instant,debit,,,,,,,
20A100180,instant,debit,,,,,,,
20A100190,instant,debit,,,,,,,
20A100200,instant,debit,,,,,,,
20A200010,duration,,title,,,,,,
20A200020,duration,,title,,,,,,
20A210010,duration,,title,,,,,,
20A210020,instant,debit,,,,,,,
20A210030,instant,debit,,,,,,,
20A210040,instant,debit,,,,,,,
20A210050,instant,debit,,,,,,,
20A210060,instant,debit,,,,,,,
20A210070,instant,debit,,,,,,,
20A210080,instant,debit,,,,,,,
20A210090,instant,debit,,,,,,,
20A210100,instant,debit,,,,,,,
20A210110,instant,debit,,,,,,,
20A210120,instant,debit,,,,,,,
20A210130,instant,debit,,,,,,,
20A210140,instant,debit,,,,,,,
20A210150,instant,debit,,,,,,,
20A210160,instant,debit,,,,,,,
20A210170,instant,debit,,,,,,,
20A210180,instant,debit,,,,,,,
20A210190,instant,debit,,,,,,,
20A210200,instant,debit,,,,,,,
20A210210,instant,debit,,,,,,,
20A210220,instant,debit,,,,,,,
20A210230,instant,debit,,,,,,,
20A210240,instant,debit,,,,,,,
20A210250,instant,debit,,,,,,,
20A210260,instant,debit,,,,,,,
20A210270,instant,debit,,,,,,,
20A210280,instant,debit,,,,,,,
20A210290,instant,debit,,,,,,,
20A210300,instant,debit,,,,,,,
20A210310,instant,debit,,,,,,,
20A210320,instant,debit,,,,,,,
20A220010,duration,,title,,,,,,
20A220020,instant,debit,,,,,,,
20A200030,instant,debit,,,,,,,
20A200040,duration,,title,,,,,,
20A210330,duration,,title,,,,,,
20A210340,instant,debit,,,,,,,
20A210350,instant,debit,,,,,,,
20A210360,instant,debit,,,,,,,
20A210370,instant,debit,,,,,,,
20A210380,instant,debit,,,,,,,
20A210390,instant,debit,,,,,,,
20A210400,instant,debit,,,,,,,
20A210410,instant,debit,,,,,,,
20A210420,instant,debit,,,,,,,
20A210430,instant,debit,,,,,,,
20A210440,instant,debit,,,,,,,
20A210450,instant,debit,,,,,,,
20A210460,instant,debit,,,,,,,
20A210470,instant,debit,,,,,,,
20A210480,instant,debit,,,,,,,
20A210490,instant,debit,,,,,,,
20A210500,instant,debit,,,,,,,
20A210510,instant,debit,,,,,,,
20A210520,instant,debit,,,,,,,
20A210530,instant,debit,,,,,,,
20A210540,instant,debit,,,,,,,
20A210550,instant,debit,,,,,,,
20A210560,instant,debit,,,,,,,
20A210570,instant,debit,,,,,,,
20A210580,instant,debit,,,,,,,
20A210590,instant,debit,,,,,,,
20A210600,instant,debit,,,,,,,
20A210610,instant,debit,,,,,,,
20A210620,instant,debit,,,,,,,
20A210630,instant,debit,,,,,,,
20A210640,instant,debit,,,,,,,
20A220030,duration,,title,,,,,,
20A220040,instant,debit,,,,,,,
20A200050,instant,debit,,,,,,,
20A200060,duration,,title,,,,,,
20A210650,duration,,title,,,,,,
20A210660,instant,debit,,,,,,,
20A210670,instant,debit,,,,,,,
20A210680,instant,debit,,,,,,,
20A210690,instant,debit,,,,,,,
20A210700,instant,debit,,,,,,,
20A210710,instant,debit,,,,,,,
20A210720,instant,debit,,,,,,,
20A210730,instant,debit,,,,,,,
20A210740,instant,debit,,,,,,,
20A210750,instant,debit,,,,,,,
20A210760,instant,debit,,,,,,,
20A210770,instant,debit,,,,,,,
20A210780,instant,debit,,,,,,,
20A210790,instant,debit,,,,,,,
20A210800,instant,debit,,,,,,,
20A210810,instant,debit,,,,,,,
20A210820,instant,debit,,,,,,,
20A210830,instant,debit,,,,,,,
20A210840,instant,debit,,,,,,,
20A210850,instant,debit,,,,,,,
20A210860,instant,debit,,,,,,,
20A210870,instant,debit,,,,,,,
20A210880,instant,debit,,,,,,,
20A210890,instant,debit,,,,,,,
20A210900,instant,debit,,,,,,,
20A210910,instant,debit,,,,,,,
20A210920,instant,debit,,,,,,,
20A210930,instant,debit,,,,,,,
20A210940,instant,debit,,,,,,,
20A210950,instant,debit,,,,,,,
20A210960,instant,debit,,,,,,,
20A220050,duration,,title,,,,,,
20A220060,instant,debit,,,,,,,
20A200070,instant,debit,,,,,,,
20A200080,duration,,title,,,,,,
20A210970,duration,,title,,,,,,
20A210980,instant,debit,,,,,,,
20A200090,instant,debit,,,,,,,
20A230010,duration,,title,,,,,,
20A230020,instant,debit,,,,,,,
20A230030,instant,debit,,,,,,,
20A230040,instant,debit,,,,,,,
20A230050,instant,debit,,,,,,,
20A230060,instant,debit,,,,,,,
20A230070,instant,debit,,,,,,,
20A230080,instant,debit,,,,,,,
20A230090,instant,debit,,,,,,,
20A230100,instant,debit,,,,,,,
20A230110,instant,debit,,,,,,,
20A200100,instant,debit,,,,,,,
20A300010,duration,,title,,,,,,
20A300020,instant,debit,,,,,,,
20A300030,instant,debit,,,,,,,
20A300040,instant,debit,,,,,,,
20A300050,instant,debit,,,,,,,
20A300060,instant,debit,,,,,,,
20A300070,instant,debit,,,,,,,
20A300080,instant,debit,,,,,,,
20A000020,instant,debit,,,,,,,
20B000010,duration,,title,,,,,,
20B100010,duration,,title,,,,,,
20B100020,instant,credit,,,,,,,
20B100030,instant,credit,,,,,,,
20B100040,instant,credit,,,,,,,
20B100050,instant,credit,,,,,,,
20B100060,instant,credit,,,,,,,
20B100070,instant,credit,,,,,,,
20B100080,instant,credit,,,,,,,
20B100090,instant,credit,,,,,,,
20B100100,instant,credit,,,,,,,
20B100110,instant,credit,,,,,,,
20B100120,instant,credit,,,,,,,
20B100130,instant,credit,,,,,,,
20B100140,instant,credit,,,,,,,
20B100150,instant,credit,,,,,,,
20B100160,instant,credit,,,,,,,
20B100170,instant,credit,,,,,,,
20B100180,instant,credit,,,,,,,
20B100190,instant,credit,,,,,,,
20B100200,instant,credit,,,,,,,
20B100210,instant,credit,,,,,,,
20B200010,duration,,title,,,,,,
20B200020,instant,credit,,,,,,,
20B200030,instant,credit,,,,,,,
20B200040,instant,credit,,,,,,,
20B200050,instant,credit,,,,,,,
20B200060,instant,credit,,,,,,,
20B200070,instant,credit,,,,,,,
20B200080,instant,credit,,,,,,,
20B200090,instant,credit,,,,,,,
20B200100,instant,credit,,,,,,,
20B200110,instant,credit,,,,,,,
20B200120,instant,credit,,,,,,,
20B200130,instant,credit,,,,,,,
20B000020,instant,credit,,,,,,,
20C000010,duration,,title,,,,,,
20C100010,duration,,title,,,,,,
20C110010,instant,credit,,,,,,,
20C110020,instant,credit,,,,,,,
20C120010,duration,,title,,,,,,
20C120020,instant,credit,,,,,,,
20C120030,instant,credit,,,,,,,
20C120040,instant,credit,,,,,,,
20C130010,duration,,title,,,,,,
20C130020,instant,credit,,,,,,,
20C130030,duration,,title,,,,,,
20C130040,instant,credit,,,,,,,
20C130050,instant,credit,,,,,,,
20C130060,instant,credit,,,,,,,
20C100020,instant,credit,,,,,,,
20C100030,instant,credit,,,,,,,
20C100040,instant,credit,,,,,,,
20C200010,duration,,title,,,,,,
20C200020,instant,credit,,,,,,,
20C200030,instant,credit,,,,,,,
20C200040,instant,credit,,,,,,,
20C200050,instant,credit,,,,,,,
20C300010,instant,credit,,,,,,,
20C000020,instant,credit,,,,,,,
20C000030,instant,credit,,,,,,,
20C000040,instant,credit,,,,,,,
21A000010,duration,,title,,,,,,
21A200010,duration,,title,,,,,,
21A200020,duration,,title,,,,,,
21A210010,duration,,title,,,,,,
21A210020,instant,debit,,,,,,,
21A210030,instant,debit,,,,,,,
21A210040,instant,debit,,,,,,,
21A210050,instant,debit,,,,,,,
21A210060,instant,debit,,,,,,,
21A210070,instant,debit,,,,,,,
21A210080,instant,debit,,,,,,,
21A210090,instant,debit,,,,,,,
21A210100,instant,debit,,,,,,,
21A210110,instant,debit,,,,,,,
21A210120,instant,debit,,,,,,,
21A210130,instant,debit,,,,,,,
21A210140,instant,debit,,,,,,,
21A210150,instant,debit,,,,,,,
21A210160,instant,debit,,,,,,,
21A210170,instant,debit,,,,,,,
21A210180,instant,debit,,,,,,,
21A210190,instant,debit,,,,,,,
21A210200,instant,debit,,,,,,,
21A210210,instant,debit,,,,,,,
21A210220,instant,debit,,,,,,,
21A210230,instant,debit,,,,,,,
21A210240,instant,debit,,,,,,,
21A210250,instant,debit,,,,,,,
21A210260,instant,debit,,,,,,,
21A210270,instant,debit,,,,,,,
21A210280,instant,debit,,,,,,,
21A210290,instant,debit,,,,,,,
21A210300,instant,debit,,,,,,,
21A210310,instant,debit,,,,,,,
21A210320,instant,debit,,,,,,,
21A210330,instant,debit,,,,,,,
21A210340,instant,debit,,,,,,,
21A210350,instant,debit,,,,,,,
21A210360,instant,debit,,,,,,,
21A210370,instant,debit,,,,,,,
21A210380,instant,debit,,,,,,,
21A210390,instant,debit,,,,,,,
21A210400,instant,debit,,,,,,,
21A210410,instant,debit,,,,,,,
21A210420,instant,debit,,,,,,,
21A210430,instant,debit,,,,,,,
21A210440,instant,debit,,,,,,,
21A210450,instant,debit,,,,,,,
21A210460,instant,debit,,,,,,,
21A210470,instant,debit,,,,,,,
21A210480,instant,debit,,,,,,,
21A210490,instant,debit,,,,,,,
21A210500,instant,debit,,,,,,,
21A210510,instant,debit,,,,,,,
21A210520,instant,debit,,,,,,,
21A210530,instant,debit,,,,,,,
21A210540,instant,debit,,,,,,,
21A210550,instant,debit,,,,,,,
21A220010,duration,,title,,,,,,
21A220020,instant,debit,,,,,,,
21A220030,instant,debit,,,,,,,
21A220040,instant,debit,,,,,,,
21A220050,instant,debit,,,,,,,
21A220060,instant,debit,,,,,,,
21A220070,instant,debit,,,,,,,
21A220080,instant,debit,,,,,,,
21A220090,instant,debit,,,,,,,
21A220100,instant,debit,,,,,,,
21A220110,instant,debit,,,,,,,
21A200030,instant,debit,,,,,,,
21A200040,duration,,title,,,,,,
21A210560,duration,,title,,,,,,
21A210570,instant,debit,,,,,,,
21A210580,instant,debit,,,,,,,
21A210590,instant,debit,,,,,,,
21A220120,duration,,title,,,,,,
21A220130,instant,debit,,,,,,,
21A200050,instant,debit,,,,,,,
21A230010,duration,,title,,,,,,
21A230020,instant,debit,,,,,,,
21A230030,instant,debit,,,,,,,
21A230040,instant,debit,,,,,,,
21A230050,instant,debit,,,,,,,
21A230060,instant,debit,,,,,,,
21A230070,instant,debit,,,,,,,
21A230080,instant,debit,,,,,,,
21A230090,instant,debit,,,,,,,
21A230100,instant,debit,,,,,,,
21A230110,instant,debit,,,,,,,
21A230120,instant,debit,,,,,,,
21A230130,instant,debit,,,,,,,
21A230140,instant,debit,,,,,,,
21A230150,instant,debit,,,,,,,
21A200060,instant,debit,,,,,,,
21A100010,duration,,title,,,,,,
21A100020,instant,debit,,,,,,,
21A100030,instant,debit,,,,,,,
21A100040,instant,debit,,,,,,,
21A100050,instant,debit,,,,,,,
21A100060,instant,debit,,,,,,,
21A100070,instant,debit,,,,,,,
21A100080,instant,debit,,,,,,,
21A100090,instant,debit,,,,,,,
21A100100,instant,debit,,,,,,,
21A100110,instant,debit,,,,,,,
21A100120,instant,debit,,,,,,,
21A100130,instant,debit,,,,,,,
21A100140,instant,debit,,,,,,,
21A100150,instant,debit,,,,,,,
21A100160,instant,debit,,,,,,,
21A100170,instant,debit,,,,,,,
21A300010,duration,,title,,,,,,
21A300020,instant,debit,,,,,,,
21A300030,instant,debit,,,,,,,
21A300040,instant,debit,,,,,,,
21A300050,instant,debit,,,,,,,
21A300060,instant,debit,,,,,,,
21A300070,instant,debit,,,,,,,
21A000020,instant,debit,,,,,,,
21B000010,duration,,title,,,,,,
21B200010,duration,,title,,,,,,
21B200020,instant,credit,,,,,,,
21B200030,instant,credit,,,,,,,
21B200040,instant,credit,,,,,,,
21B200050,instant,credit,,,,,,,
21B200060,instant,credit,,,,,,,
21B200070,instant,credit,,,,,,,
21B200080,instant,credit,,,,,,,
21B200090,instant,credit,,,,,,,
21B200100,instant,credit,,,,,,,
21B100010,duration,,title,,,,,,
21B100020,instant,credit,,,,,,,
21B100030,instant,credit,,,,,,,
21B100040,instant,credit,,,,,,,
21B100050,instant,credit,,,,,,,
21B100060,instant,credit,,,,,,,
21B100070,instant,credit,,,,,,,
21B100080,instant,credit,,,,,,,
21B100090,instant,credit,,,,,,,
21B100100,instant,credit,,,,,,,
21B100110,instant,credit,,,,,,,
21B100120,instant,credit,,,,,,,
21B100130,instant,credit,,,,,,,
21B100140,instant,credit,,,,,,,
21B100150,instant,credit,,,,,,,
21B100160,instant,credit,,,,,,,
21B100170,instant,credit,,,,,,,
21B100180,instant,credit,,,,,,,
21B000020,instant,credit,,,,,,,
21C000010,duration,,title,,,,,,
21C100010,duration,,title,,,,,,
21C110010,instant,credit,,,,,,,
21C110020,instant,credit,,,,,,,
21C120010,duration,,title,,,,,,
21C120020,instant,credit,,,,,,,
21C120030,instant,credit,,,,,,,
21C120040,instant,credit,,,,,,,
21C130010,duration,,title,,,,,,
21C130020,instant,credit,,,,,,,
21C130030,duration,,title,,,,,,
21C130040,instant,credit,,,,,,,
21C130050,instant,credit,,,,,,,
21C100020,instant,credit,,,,,,,
21C100030,instant,credit,,,,,,,
21C100040,instant,credit,,,,,,,
21C200010,duration,,title,,,,,,
21C200020,instant,credit,,,,,,,
21C200030,instant,credit,,,,,,,
21C200040,instant,credit,,,,,,,
21C200050,instant,credit,,,,,,,
21C200060,instant,credit,,,,,,,
21C300010,instant,credit,,,,,,,
21C000020,instant,credit,,,,,,,
21C000030,instant,credit,,,,,,,
21C000040,instant,credit,,,,,,,
22A000010,duration,,title,,,,,,
22A200010,instant,debit,,,,,,,
22A200020,instant,debit,,,,,,,
22A200030,instant,debit,,,,,,,
22A200040,instant,debit,,,,,,,
22A200050,instant,debit,,,,,,,
22A200060,instant,debit,,,,,,,
22A200070,instant,debit,,,,,,,
22A200080,instant,debit,,,,,,,
22A200090,instant,debit,,,,,,,
22A200100,instant,debit,,,,,,,
22A200110,instant,debit,,,,,,,
22A200120,instant,debit,,,,,,,
22A200130,instant,debit,,,,,,,
22A200140,instant,debit,,,,,,,
22A200150,instant,debit,,,,,,,
22A200160,instant,debit,,,,,,,
22A200170,instant,debit,,,,,,,
22A200180,instant,debit,,,,,,,
22A200190,instant,debit,,,,,,,
22A200200,instant,debit,,,,,,,
22A200210,instant,debit,,,,,,,
22A200220,instant,debit,,,,,,,
22A200230,instant,debit,,,,,,,
22A200240,instant,debit,,,,,,,
22A200250,instant,debit,,,,,,,
22A200260,instant,debit,,,,,,,
22A200270,instant,debit,,,,,,,
22A230010,instant,debit,,,,,,,
22A230020,instant,debit,,,,,,,
22A230030,instant,debit,,,,,,,
22A230040,instant,debit,,,,,,,
22A230050,instant,debit,,,,,,,
22A230060,instant,debit,,,,,,,
22A230070,instant,debit,,,,,,,
22A230080,instant,debit,,,,,,,
22A230090,instant,debit,,,,,,,
22A230100,instant,debit,,,,,,,
22A230110,instant,debit,,,,,,,
22A200280,instant,debit,,,,,,,
22A100010,instant,debit,,,,,,,
22A100020,instant,debit,,,,,,,
22A100030,instant,debit,,,,,,,
22A100040,instant,debit,,,,,,,
22A100050,instant,debit,,,,,,,
22A100060,instant,debit,,,,,,,
22A100070,instant,debit,,,,,,,
22A100080,instant,debit,,,,,,,
22A100090,instant,debit,,,,,,,
22A100100,instant,debit,,,,,,,
22A100110,instant,debit,,,,,,,
22A100120,instant,debit,,,,,,,
22A100130,instant,debit,,,,,,,
22A100140,instant,debit,,,,,,,
22A100150,instant,debit,,,,,,,
22A300010,instant,debit,,,,,,,
22A300020,instant,debit,,,,,,,
22A300030,instant,debit,,,,,,,
22A300040,instant,debit,,,,,,,
22A300050,instant,debit,,,,,,,
22A300060,instant,debit,,,,,,,
22A000020,instant,debit,,,,,,,
22B000010,duration,,title,,,,,,
22B000020,duration,,title,,,,,,
22B200010,instant,credit,,,,,,,
22B200020,instant,credit,,,,,,,
22B200030,instant,credit,,,,,,,
22B200040,instant,credit,,,,,,,
22B200050,instant,credit,,,,,,,
22B200060,instant,credit,,,,,,,
22B200070,instant,credit,,,,,,,
22B200080,instant,credit,,,,,,,
22B200090,instant,credit,,,,,,,
22B200100,instant,credit,,,,,,,
22B200110,instant,credit,,,,,,,
22B200120,instant,credit,,,,,,,
22B200130,instant,credit,,,,,,,
22B200140,instant,credit,,,,,,,
22B200150,instant,credit,,,,,,,
22B100010,instant,credit,,,,,,,
22B100020,instant,credit,,,,,,,
22B100030,instant,credit,,,,,,,
22B100040,instant,credit,,,,,,,
22B100050,instant,credit,,,,,,,
22B100060,instant,credit,,,,,,,
22B100070,instant,credit,,,,,,,
22B100080,instant,credit,,,,,,,
22B100090,instant,credit,,,,,,,
22B100100,instant,credit,,,,,,,
22B100110,instant,credit,,,,,,,
22B100120,instant,credit,,,,,,,
22B100130,instant,credit,,,,,,,
22B100140,instant,credit,,,,,,,
22B100150,instant,credit,,,,,,,
22B100160,instant,credit,,,,,,,
22B300010,instant,credit,,,,,,,
22B300020,instant,credit,,,,,,,
22B300030,instant,credit,,,,,,,
22B000030,instant,credit,,,,,,,
22C000010,duration,,title,,,,,,
22C100010,instant,credit,,,,,,,
22C110010,instant,credit,,,,,,,
22C110020,instant,credit,,,,,,,
22C120010,instant,credit,,,,,,,
22C120020,instant,credit,,,,,,,
22C120030,instant,credit,,,,,,,
22C130010,instant,credit,,,,,,,
22C130020,instant,credit,,,,,,,
22C130030,instant,credit,,,,,,,
22C130040,instant,credit,,,,,,,
22C130050,instant,credit,,,,,,,
22C130060,instant,credit,,,,,,,
22C100020,instant,credit,,,,,,,
22C100030,instant,credit,,,,,,,
22C200010,instant,credit,,,,,,,
22C200020,instant,credit,,,,,,,
22C200030,instant,credit,,,,,,,
22C200040,instant,credit,,,,,,,
22C200050,instant,credit,,,,,,,
22C300010,instant,credit,,,,,,,
22C000020,instant,credit,,,,,,,
22C000030,instant,credit,,,,,,,
22C000040,instant,credit,,,,,,,
23A000010,duration,,title,,,,,,
23A200010,duration,,title,,,,,,
23A210010,duration,,title,,,,,,
23A210020,instant,debit,,,,,,,
23A210030,instant,debit,,,,,,,
23A210040,instant,debit,,,,,,,
23A210050,instant,debit,,,,,,,
23A210060,instant,debit,,,,,,,
23A210070,instant,debit,,,,,,,
23A210080,instant,debit,,,,,,,
23A210090,instant,debit,,,,,,,
23A210100,instant,debit,,,,,,,
23A220010,duration,,title,,,,,,
23A220020,instant,debit,,,,,,,
23A220030,instant,debit,,,,,,,
23A220040,instant,debit,,,,,,,
23A220050,instant,debit,,,,,,,
23A220060,instant,debit,,,,,,,
23A220070,instant,debit,,,,,,,
23A230010,duration,,title,,,,,,
23A230020,instant,debit,,,,,,,
23A230030,instant,debit,,,,,,,
23A230040,instant,debit,,,,,,,
23A230050,instant,debit,,,,,,,
23A230060,instant,debit,,,,,,,
23A230070,instant,debit,,,,,,,
23A230080,instant,debit,,,,,,,
23A230090,instant,debit,,,,,,,
23A230100,instant,debit,,,,,,,
23A230110,instant,debit,,,,,,,
23A230120,instant,debit,,,,,,,
23A230130,instant,debit,,,,,,,
23A230140,instant,debit,,,,,,,
23A230150,instant,debit,,,,,,,
23A200020,instant,debit,,,,,,,
23A100010,duration,,title,,,,,,
23A100020,instant,debit,,,,,,,
23A100030,instant,debit,,,,,,,
23A100040,instant,debit,,,,,,,
23A100050,instant,debit,,,,,,,
23A100060,instant,debit,,,,,,,
23A100070,instant,debit,,,,,,,
23A100080,instant,debit,,,,,,,
23A100090,instant,debit,,,,,,,
23A100100,instant,debit,,,,,,,
23A100110,instant,debit,,,,,,,
23A100120,instant,debit,,,,,,,
23A100130,instant,debit,,,,,,,
23A100140,instant,debit,,,,,,,
23A100150,instant,debit,,,,,,,
23A100160,instant,debit,,,,,,,
23A100170,instant,debit,,,,,,,
23A100180,instant,debit,,,,,,,
23A100190,instant,debit,,,,,,,
23A100200,instant,debit,,,,,,,
23A100210,instant,debit,,,,,,,
23A100220,instant,debit,,,,,,,
23A100230,instant,debit,,,,,,,
23A100240,instant,debit,,,,,,,
23A100250,instant,debit,,,,,,,
23A300010,duration,,title,,,,,,
23A300020,instant,debit,,,,,,,
23A300030,instant,debit,,,,,,,
23A300040,instant,debit,,,,,,,
23A300050,instant,debit,,,,,,,
23A300060,instant,debit,,,,,,,
23A300070,instant,debit,,,,,,,
23A300080,instant,debit,,,,,,,
23A000020,instant,debit,,,,,,,
23B000010,duration,,title,,,,,,
23B200010,duration,,title,,,,,,
23B200020,instant,credit,,,,,,,
23B200030,instant,credit,,,,,,,
23B200040,instant,credit,,,,,,,
23B200050,instant,credit,,,,,,,
23B200060,instant,credit,,,,,,,
23B200070,instant,credit,,,,,,,
23B200080,instant,credit,,,,,,,
23B200090,instant,credit,,,,,,,
23B200100,instant,credit,,,,,,,
23B200110,instant,credit,,,,,,,
23B200120,instant,credit,,,,,,,
23B200130,instant,credit,,,,,,,
23B100010,duration,,title,,,,,,
23B100020,instant,credit,,,,,,,
23B100030,instant,credit,,,,,,,
23B100040,instant,credit,,,,,,,
23B100050,instant,credit,,,,,,,
23B100060,instant,credit,,,,,,,
23B100070,instant,credit,,,,,,,
23B100080,instant,credit,,,,,,,
23B100090,instant,credit,,,,,,,
23B100100,instant,credit,,,,,,,
23B100110,instant,credit,,,,,,,
23B100120,instant,credit,,,,,,,
23B100130,instant,credit,,,,,,,
23B100140,instant,credit,,,,,,,
23B100150,instant,credit,,,,,,,
23B100160,instant,credit,,,,,,,
23B300010,duration,,title,,,,,,
23B300020,instant,credit,,,,,,,
23B000020,instant,credit,,,,,,,
23C000010,duration,,title,,,,,,
23C100010,duration,,title,,,,,,
23C110010,instant,credit,,,,,,,
23C110020,instant,credit,,,,,,,
23C120010,duration,,title,,,,,,
23C120020,instant,credit,,,,,,,
23C120030,instant,credit,,,,,,,
23C120040,instant,credit,,,,,,,
23C130010,duration,,title,,,,,,
23C130020,instant,credit,,,,,,,
23C130030,duration,,title,,,,,,
23C130040,instant,credit,,,,,,,
23C130050,instant,credit,,,,,,,
23C130060,instant,credit,,,,,,,
23C130070,instant,credit,,,,,,,
23C100020,instant,credit,,,,,,,
23C100030,instant,credit,,,,,,,
23C100040,instant,credit,,,,,,,
23C200010,duration,,title,,,,,,
23C200020,instant,credit,,,,,,,
23C200030,instant,credit,,,,,,,
23C200040,instant,credit,,,,,,,
23C200050,instant,credit,,,,,,,
23C200060,instant,credit,,,,,,,
23C300010,instant,credit,,,,,,,
23C000020,instant,credit,,,,,,,
23C000030,instant,credit,,,,,,,
23C000040,instant,credit,,,,,,,
24A000010,duration,,title,,,,,,
24A000020,duration,,title,,,,,,
24A100010,duration,,title,,,,,,
24A100020,instant,debit,,,,,,,
24A100030,instant,debit,,,,,,,
24A200010,duration,,title,,,,,,
24A210010,duration,,title,,,,,,
24A210020,instant,debit,,,,,,,
24A210030,instant,debit,,,,,,,
24A210040,instant,debit,,,,,,,
24A210050,instant,debit,,,,,,,
24A210060,instant,debit,,,,,,,
24A210070,instant,debit,,,,,,,
24A210080,instant,debit,,,,,,,
24A210090,instant,debit,,,,,,,
24A230010,duration,,title,,,,,,
24A230020,instant,debit,,,,,,,
24A230030,instant,debit,,,,,,,
24A230040,instant,debit,,,,,,,
24A200020,instant,debit,,,,,,,
24A000030,instant,debit,,,,,,,
24A000040,duration,,title,,,,,,
24A100040,instant,debit,,,,,,,
24A100050,instant,debit,,,,,,,
24A100060,instant,debit,,,,,,,
24A100070,instant,debit,,,,,,,
24A100080,instant,debit,,,,,,,
24A100090,instant,debit,,,,,,,
24A100100,instant,debit,,,,,,,
24A100110,instant,debit,,,,,,,
24A100120,instant,debit,,,,,,,
24A100130,instant,debit,,,,,,,
24A100140,instant,debit,,,,,,,
24A100150,instant,debit,,,,,,,
24A100160,instant,debit,,,,,,,
24A100170,instant,debit,,,,,,,
24A100180,instant,debit,,,,,,,
24A100190,instant,debit,,,,,,,
24A200030,instant,debit,,,,,,,
24A210100,instant,debit,,,,,,,
24A210110,instant,debit,,,,,,,
24A210120,instant,debit,,,,,,,
24A210130,instant,debit,,,,,,,
24A210140,instant,debit,,,,,,,
24A210150,instant,debit,,,,,,,
24A210160,instant,debit,,,,,,,
24A210170,instant,debit,,,,,,,
24A210180,instant,debit,,,,,,,
24A210190,instant,debit,,,,,,,
24A210200,instant,debit,,,,,,,
24A210210,instant,debit,,,,,,,
24A210220,instant,debit,,,,,,,
24A210230,instant,debit,,,,,,,
24A210240,instant,debit,,,,,,,
24A210250,instant,debit,,,,,,,
24A210260,instant,debit,,,,,,,
24A210270,instant,debit,,,,,,,
24A220010,instant,debit,,,,,,,
24A220020,instant,debit,,,,,,,
24A220030,instant,debit,,,,,,,
24A220040,instant,debit,,,,,,,
24A230050,instant,debit,,,,,,,
24A230060,instant,debit,,,,,,,
24A230070,instant,debit,,,,,,,
24A230080,instant,debit,,,,,,,
24A230090,instant,debit,,,,,,,
24A230100,instant,debit,,,,,,,
24A230110,instant,debit,,,,,,,
24A230120,instant,debit,,,,,,,
24A300010,instant,debit,,,,,,,
24A300020,instant,debit,,,,,,,
24A000050,instant,debit,,,,,,,
24A000060,instant,debit,,,,,,,
24B000010,duration,,title,,,,,,
24B100010,instant,credit,,,,,,,
24B100020,instant,credit,,,,,,,
24B100030,instant,credit,,,,,,,
24B100040,instant,credit,,,,,,,
24B100050,instant,credit,,,,,,,
24B100060,instant,credit,,,,,,,
24B100070,instant,credit,,,,,,,
24B100080,instant,credit,,,,,,,
24B100090,instant,credit,,,,,,,
24B100100,instant,credit,,,,,,,
24B100110,instant,credit,,,,,,,
24B100120,instant,credit,,,,,,,
24B100130,instant,credit,,,,,,,
24B100140,instant,credit,,,,,,,
24B100150,instant,credit,,,,,,,
24B100160,instant,credit,,,,,,,
24B200010,instant,credit,,,,,,,
24B200020,instant,credit,,,,,,,
24B200030,instant,credit,,,,,,,
24B200040,instant,credit,,,,,,,
24B200050,instant,credit,,,,,,,
24B200060,instant,credit,,,,,,,
24B200070,instant,credit,,,,,,,
24B200080,instant,credit,,,,,,,
24B000020,instant,credit,,,,,,,
24C000010,duration,,title,,,,,,
24C100010,instant,credit,,,,,,,
24C110010,instant,credit,,,,,,,
24C110020,instant,credit,,,,,,,
24C110030,instant,credit,,,,,,,
24C110040,instant,credit,,,,,,,
24C110050,instant,credit,,,,,,,
24C110060,instant,credit,,,,,,,
24C130010,instant,credit,,,,,,,
24C130020,instant,credit,,,,,,,
24C130030,instant,credit,,,,,,,
24C100020,instant,credit,,,,,,,
24C100030,instant,credit,,,,,,,
24C200010,instant,credit,,,,,,,
24C200020,instant,credit,,,,,,,
24C200030,instant,credit,,,,,,,
24C300010,instant,credit,,,,,,,
24C000020,instant,credit,,,,,,,
24C000030,instant,credit,,,,,,,
25A000010,duration,,title,,,,,,
25A100010,duration,,title,,,,,,
25A100020,instant,debit,,,,,,,
25A100030,instant,debit,,,,,,,
25A100040,instant,debit,,,,,,,
25A100050,instant,debit,,,,,,,
25A100060,instant,debit,,,,,,,
25A100070,instant,debit,,,,,,,
25A100080,instant,debit,,,,,,,
25A100090,instant,debit,,,,,,,
25A100100,instant,debit,,,,,,,
25A100110,instant,debit,,,,,,,
25A100120,instant,debit,,,,,,,
25A100130,instant,debit,,,,,,,
25A100140,instant,debit,,,,,,,
25A100150,instant,debit,,,,,,,
25A200010,duration,,title,,,,,,
25A210010,instant,debit,,,,,,,
25A210020,instant,debit,,,,,,,
25A210030,instant,debit,,,,,,,
25A210040,instant,debit,,,,,,,
25A220010,instant,debit,,,,,,,
25A220020,instant,debit,,,,,,,
25A220030,instant,debit,,,,,,,
25A230010,instant,debit,,,,,,,
25A230020,instant,debit,,,,,,,
25A230030,instant,debit,,,,,,,
25A230040,instant,debit,,,,,,,
25A230050,instant,debit,,,,,,,
25A230060,instant,debit,,,,,,,
25A230070,instant,debit,,,,,,,
25A230080,instant,debit,,,,,,,
25A200020,instant,debit,,,,,,,
25A300010,duration,,title,,,,,,
25A300020,instant,debit,,,,,,,
25A300030,instant,debit,,,,,,,
25A000020,instant,debit,,,,,,,
25B000010,duration,,title,,,,,,
25B100010,duration,,title,,,,,,
25B100020,instant,credit,,,,,,,
25B100030,instant,credit,,,,,,,
25B100040,instant,credit,,,,,,,
25B100050,instant,credit,,,,,,,
25B100060,instant,credit,,,,,,,
25B100070,instant,credit,,,,,,,
25B100080,instant,credit,,,,,,,
25B100090,instant,credit,,,,,,,
25B100100,instant,credit,,,,,,,
25B100110,instant,credit,,,,,,,
25B100120,instant,credit,,,,,,,
25B100130,instant,credit,,,,,,,
25B100140,instant,credit,,,,,,,
25B200010,duration,,title,,,,,,
25B200020,instant,credit,,,,,,,
25B200030,instant,credit,,,,,,,
25B200040,instant,credit,,,,,,,
25B200050,instant,credit,,,,,,,
25B200060,instant,credit,,,,,,,
25B000020,instant,credit,,,,,,,
25C000010,duration,,title,,,,,,
25C100010,instant,credit,,,,,,,
25C110010,instant,credit,,,,,,,
25C110020,instant,credit,,,,,,,
25C120010,instant,credit,,,,,,,
25C120020,instant,credit,,,,,,,
25C120030,instant,credit,,,,,,,
25C130010,instant,credit,,,,,,,
25C130020,instant,credit,,,,,,,
25C130030,instant,credit,,,,,,,
25C130040,instant,credit,,,,,,,
25C130050,instant,credit,,,,,,,
25C100020,instant,credit,,,,,,,
25C100030,instant,credit,,,,,,,
25C200010,instant,credit,,,,,,,
25C200020,instant,credit,,,,,,,
25C200030,instant,credit,,,,,,,
25C200040,instant,credit,,,,,,,
25C200050,instant,credit,,,,,,,
25C300010,instant,credit,,,,,,,
25C000020,instant,credit,,,,,,,
25C000030,instant,credit,,,,,,,
25C000040,instant,credit,,,,,,,
26A000010,duration,,title,,,,,,
26A100010,duration,,title,,,,,,
26A100020,instant,debit,,,,,,,
26A100030,instant,debit,,,,,,,
26A100040,instant,debit,,,,,,,
26A100050,instant,debit,,,,,,,
26A100060,instant,debit,,,,,,,
26A100070,instant,debit,,,,,,,
26A100080,instant,debit,,,,,,,
26A100090,instant,debit,,,,,,,
26A100100,instant,debit,,,,,,,
26A100110,instant,debit,,,,,,,
26A100120,instant,debit,,,,,,,
26A100130,instant,debit,,,,,,,
26A100140,instant,debit,,,,,,,
26A100150,instant,debit,,,,,,,
26A100160,instant,debit,,,,,,,
26A100170,instant,debit,,,,,,,
26A100180,instant,debit,,,,,,,
26A100190,instant,debit,,,,,,,
26A200010,duration,,title,,,,,,
26A210010,duration,,title,,,,,,
26A210020,instant,debit,,,,,,,
26A210030,instant,debit,,,,,,,
26A210040,instant,debit,,,,,,,
26A210050,instant,debit,,,,,,,
26A210060,instant,debit,,,,,,,
26A210070,instant,debit,,,,,,,
26A210080,instant,debit,,,,,,,
26A210090,instant,debit,,,,,,,
26A210100,instant,debit,,,,,,,
26A210110,instant,debit,,,,,,,
26A210120,instant,debit,,,,,,,
26A210130,instant,debit,,,,,,,
26A210140,instant,debit,,,,,,,
26A210150,instant,debit,,,,,,,
26A210160,instant,debit,,,,,,,
26A210170,instant,debit,,,,,,,
26A210180,instant,debit,,,,,,,
26A210190,instant,debit,,,,,,,
26A210200,instant,debit,,,,,,,
26A210210,instant,debit,,,,,,,
26A210220,instant,debit,,,,,,,
26A210230,instant,debit,,,,,,,
26A210240,instant,debit,,,,,,,
26A210250,instant,debit,,,,,,,
26A210260,instant,debit,,,,,,,
26A210270,instant,debit,,,,,,,
26A210280,instant,debit,,,,,,,
26A210290,instant,debit,,,,,,,
26A210300,instant,debit,,,,,,,
26A210310,instant,debit,,,,,,,
26A220010,duration,,title,,,,,,
26A220020,instant,debit,,,,,,,
26A220030,instant,debit,,,,,,,
26A220040,instant,debit,,,,,,,
26A220050,instant,debit,,,,,,,
26A220060,instant,debit,,,,,,,
26A220070,instant,debit,,,,,,,
26A230010,duration,,title,,,,,,
26A230020,instant,debit,,,,,,,
26A230030,instant,debit,,,,,,,
26A230040,instant,debit,,,,,,,
26A230050,instant,debit,,,,,,,
26A230060,instant,debit,,,,,,,
26A230070,instant,debit,,,,,,,
26A230080,instant,debit,,,,,,,
26A230090,instant,debit,,,,,,,
26A230100,instant,debit,,,,,,,
26A230110,instant,debit,,,,,,,
26A230120,instant,debit,,,,,,,
26A230130,instant,debit,,,,,,,
26A230140,instant,debit,,,,,,,
26A200020,instant,debit,,,,,,,
26A300010,duration,,title,,,,,,
26A300020,instant,debit,,,,,,,
26A300030,instant,debit,,,,,,,
26A300040,instant,debit,,,,,,,
26A000020,instant,debit,,,,,,,
26B000010,duration,,title,,,,,,
26B100010,duration,,title,,,,,,
26B100020,instant,credit,,,,,,,
26B100030,instant,credit,,,,,,,
26B100040,instant,credit,,,,,,,
26B100050,instant,credit,,,,,,,
26B100060,instant,credit,,,,,,,
26B100070,instant,credit,,,,,,,
26B100080,instant,credit,,,,,,,
26B100090,instant,credit,,,,,,,
26B100100,instant,credit,,,,,,,
26B100110,instant,credit,,,,,,,
26B100120,instant,credit,,,,,,,
26B200010,duration,,title,,,,,,
26B200020,instant,credit,,,,,,,
26B200030,instant,credit,,,,,,,
26B200040,instant,credit,,,,,,,
26B200050,instant,credit,,,,,,,
26B200060,instant,credit,,,,,,,
26B200070,instant,credit,,,,,,,
26B200080,instant,credit,,,,,,,
26B200090,instant,credit,,,,,,,
26B000020,instant,credit,,,,,,,
26C000010,duration,,title,,,,,,
26C100010,duration,,title,,,,,,
26C110010,instant,credit,,,,,,,
26C110020,duration,,title,,,,,,
26C110030,instant,credit,,,,,,,
26C110040,instant,credit,,,,,,,
26C110050,instant,credit,,,,,,,
26C110060,instant,credit,,,,,,,
26C110070,instant,credit,,,,,,,
26C120010,duration,,title,,,,,,
26C120020,instant,credit,,,,,,,
26C120030,duration,,title,,,,,,
26C120040,instant,credit,,,,,,,
26C120050,instant,credit,,,,,,,
26C120060,instant,credit,,,,,,,
26C120070,instant,credit,,,,,,,
26C130010,duration,,title,,,,,,
26C130020,instant,credit,,,,,,,
26C130030,instant,credit,,,,,,,
26C130040,instant,credit,,,,,,,
26C130050,instant,credit,,,,,,,
26C100020,instant,credit,,,,,,,
26C100030,instant,credit,,,,,,,
26C200010,duration,,title,,,,,,
26C200020,instant,credit,,,,,,,
26C200030,instant,credit,,,,,,,
26C200040,instant,credit,,,,,,,
26C300010,instant,credit,,,,,,,
26C300020,instant,credit,,,,,,,
26C000020,instant,credit,,,,,,,
26C000030,instant,credit,,,,,,,
27A000010,duration,,title,,,,,,
27A100010,duration,,title,,,,,,
27A100020,instant,debit,,,,,,,
27A100030,instant,debit,,,,,,,
27A100040,instant,debit,,,,,,,
27A100050,instant,debit,,,,,,,
27A100060,instant,debit,,,,,,,
27A100070,instant,debit,,,,,,,
27A100080,instant,debit,,,,,,,
27A100090,instant,debit,,,,,,,
27A100100,instant,debit,,,,,,,
27A100110,instant,debit,,,,,,,
27A100120,instant,debit,,,,,,,
27A100130,instant,debit,,,,,,,
27A100140,instant,debit,,,,,,,
27A100150,instant,debit,,,,,,,
27A100160,instant,debit,,,,,,,
27A100170,instant,debit,,,,,,,
27A100180,instant,debit,,,,,,,
27A100190,instant,debit,,,,,,,
27A100200,instant,debit,,,,,,,
27A100210,instant,debit,,,,,,,
27A100220,instant,debit,,,,,,,
27A200010,duration,,title,,,,,,
27A210010,duration,,title,,,,,,
27A210020,instant,debit,,,,,,,
27A210030,instant,debit,,,,,,,
27A210040,instant,debit,,,,,,,
27A210050,instant,debit,,,,,,,
27A210060,instant,debit,,,,,,,
27A210070,instant,debit,,,,,,,
27A210080,instant,debit,,,,,,,
27A210090,instant,debit,,,,,,,
27A210100,instant,debit,,,,,,,
27A210110,instant,debit,,,,,,,
27A210120,instant,debit,,,,,,,
27A210130,instant,debit,,,,,,,
27A210140,instant,debit,,,,,,,
27A210150,instant,debit,,,,,,,
27A210160,instant,debit,,,,,,,
27A210170,instant,debit,,,,,,,
27A210180,instant,debit,,,,,,,
27A210190,instant,debit,,,,,,,
27A210200,instant,debit,,,,,,,
27A210210,instant,debit,,,,,,,
27A210220,instant,debit,,,,,,,
27A210230,instant,debit,,,,,,,
27A210240,instant,debit,,,,,,,
27A210250,instant,debit,,,,,,,
27A210260,instant,debit,,,,,,,
27A210270,instant,debit,,,,,,,
27A210280,instant,debit,,,,,,,
27A210290,instant,debit,,,,,,,
27A210300,instant,debit,,,,,,,
27A210310,instant,debit,,,,,,,
27A210320,instant,debit,,,,,,,
27A220010,duration,,title,,,,,,
27A220020,instant,debit,,,,,,,
27A220030,instant,debit,,,,,,,
27A220040,instant,debit,,,,,,,
27A220050,instant,debit,,,,,,,
27A220060,instant,debit,,,,,,,
27A230010,duration,,title,,,,,,
27A230020,instant,debit,,,,,,,
27A230030,instant,debit,,,,,,,
27A230040,instant,debit,,,,,,,
27A230050,instant,debit,,,,,,,
27A230060,instant,debit,,,,,,,
27A230070,instant,debit,,,,,,,
27A230080,instant,debit,,,,,,,
27A230090,instant,debit,,,,,,,
27A230100,instant,debit,,,,,,,
27A230110,instant,debit,,,,,,,
27A230120,instant,debit,,,,,,,
27A200020,instant,debit,,,,,,,
27A300010,duration,,title,,,,,,
27A300020,instant,debit,,,,,,,
27A000020,instant,debit,,,,,,,
27B000010,duration,,title,,,,,,
27B100010,duration,,title,,,,,,
27B100020,instant,credit,,,,,,,
27B100030,instant,credit,,,,,,,
27B100040,instant,credit,,,,,,,
27B100050,instant,credit,,,,,,,
27B100060,instant,credit,,,,,,,
27B100070,instant,credit,,,,,,,
27B100080,instant,credit,,,,,,,
27B100090,instant,credit,,,,,,,
27B100100,instant,credit,,,,,,,
27B100110,instant,credit,,,,,,,
27B100120,instant,credit,,,,,,,
27B100130,instant,credit,,,,,,,
27B100140,instant,credit,,,,,,,
27B100150,instant,credit,,,,,,,
27B100160,instant,credit,,,,,,,
27B200010,duration,,title,,,,,,
27B200020,instant,credit,,,,,,,
27B200030,instant,credit,,,,,,,
27B200040,instant,credit,,,,,,,
27B200050,instant,credit,,,,,,,
27B200060,instant,credit,,,,,,,
27B200070,instant,credit,,,,,,,
27B200080,instant,credit,,,,,,,
27B200090,instant,credit,,,,,,,
27B200100,instant,credit,,,,,,,
27B200110,instant,credit,,,,,,,
27B000020,instant,credit,,,,,,,
27C000010,duration,,title,,,,,,
27C100010,duration,,title,,,,,,
27C110010,instant,credit,,,,,,,
27C110020,instant,credit,,,,,,,
27C120010,duration,,title,,,,,,
27C120020,instant,credit,,,,,,,
27C120030,instant,credit,,,,,,,
27C120040,instant,credit,,,,,,,
27C130010,duration,,title,,,,,,
27C130020,instant,credit,,,,,,,
27C130030,duration,,title,,,,,,
27C130040,instant,credit,,,,,,,
27C130050,instant,credit,,,,,,,
27C100020,instant,credit,,,,,,,
27C100030,instant,credit,,,,,,,
27C100040,instant,credit,,,,,,,
27C200010,duration,,title,,,,,,
27C200020,instant,credit,,,,,,,
27C200030,instant,credit,,,,,,,
27C200040,instant,credit,,,,,,,
27C200050,instant,credit,,,,,,,
27C200060,instant,credit,,,,,,,
27C300010,instant,credit,,,,,,,
27C300020,instant,credit,,,,,,,
27C000020,instant,credit,,,,,,,
27C000030,instant,credit,,,,,,,
27C000040,instant,credit,,,,,,,
28A000010,duration,,title,,,,,,
28A100010,instant,debit,,,,,,,
28A100020,instant,debit,,,,,,,
28A100030,instant,debit,,,,,,,
28A100040,instant,debit,,,,,,,
28A100050,instant,debit,,,,,,,
28A100060,instant,debit,,,,,,,
28A100070,instant,debit,,,,,,,
28A100080,instant,debit,,,,,,,
28A100090,instant,debit,,,,,,,
28A100100,instant,debit,,,,,,,
28A100110,instant,debit,,,,,,,
28A200010,instant,debit,,,,,,,
28A210010,instant,debit,,,,,,,
28A210020,instant,debit,,,,,,,
28A210030,instant,debit,,,,,,,
28A210040,instant,debit,,,,,,,
28A210050,instant,debit,,,,,,,
28A210060,instant,debit,,,,,,,
28A210070,instant,debit,,,,,,,
28A210080,instant,debit,,,,,,,
28A210090,instant,debit,,,,,,,
28A210100,instant,debit,,,,,,,
28A210110,instant,debit,,,,,,,
28A210120,instant,debit,,,,,,,
28A210130,instant,debit,,,,,,,
28A210140,instant,debit,,,,,,,
28A210150,instant,debit,,,,,,,
28A210160,instant,debit,,,,,,,
28A210170,instant,debit,,,,,,,
28A210180,instant,debit,,,,,,,
28A210190,instant,debit,,,,,,,
28A210200,instant,debit,,,,,,,
28A210210,instant,debit,,,,,,,
28A210220,instant,debit,,,,,,,
28A210230,instant,debit,,,,,,,
28A210240,instant,debit,,,,,,,
28A210250,instant,debit,,,,,,,
28A210260,instant,debit,,,,,,,
28A210270,instant,debit,,,,,,,
28A210280,instant,debit,,,,,,,
28A210290,instant,debit,,,,,,,
28A210300,instant,debit,,,,,,,
28A210310,instant,debit,,,,,,,
28A210320,instant,debit,,,,,,,
28A210330,instant,debit,,,,,,,
28A220010,instant,debit,,,,,,,
28A220020,instant,debit,,,,,,,
28A220030,instant,debit,,,,,,,
28A220040,instant,debit,,,,,,,
28A230010,instant,debit,,,,,,,
28A230020,instant,debit,,,,,,,
28A230030,instant,debit,,,,,,,
28A230040,instant,debit,,,,,,,
28A230050,instant,debit,,,,,,,
28A230060,instant,debit,,,,,,,
28A230070,instant,debit,,,,,,,
28A230080,instant,debit,,,,,,,
28A230090,instant,debit,,,,,,,
28A230100,instant,debit,,,,,,,
28A230110,instant,debit,,,,,,,
28A230120,instant,debit,,,,,,,
28A000020,instant,debit,,,,,,,
28B000010,duration,,title,,,,,,
28B100010,instant,credit,,,,,,,
28B100020,instant,credit,,,,,,,
28B100030,instant,credit,,,,,,,
28B100040,instant,credit,,,,,,,
28B100050,instant,credit,,,,,,,
28B100060,instant,credit,,,,,,,
28B100070,instant,credit,,,,,,,
28B100080,instant,credit,,,,,,,
28B100090,instant,credit,,,,,,,
28B100100,instant,credit,,,,,,,
28B100110,instant,credit,,,,,,,
28B100120,instant,credit,,,,,,,
28B200010,instant,credit,,,,,,,
28B200020,instant,credit,,,,,,,
28B200030,instant,credit,,,,,,,
28B200040,instant,credit,,,,,,,
28B200050,instant,credit,,,,,,,
28B000020,instant,credit,,,,,,,
28C000010,duration,,title,,,,,,
28C130010,instant,credit,,,,,,,
28C130020,instant,credit,,,,,,,
28C130030,instant,credit,,,,,,,
28C130040,instant,credit,,,,,,,
28C200010,instant,credit,,,,,,,
28C200020,instant,credit,,,,,,,
28C200030,instant,credit,,,,,,,
28C000020,instant,credit,,,,,,,
28C000030,instant,credit,,,,,,,
29A000010,duration,,title,,,,,,
29A200010,duration,,title,,,,,,
29A210010,duration,,title,,,,,,
29A210020,instant,debit,,,,,,,
29A210030,instant,debit,,,,,,,
29A210040,instant,debit,,,,,,,
29A210050,instant,debit,,,,,,,
29A210060,instant,debit,,,,,,,
29A210070,instant,debit,,,,,,,
29A210080,instant,debit,,,,,,,
29A210090,instant,debit,,,,,,,
29A210100,instant,debit,,,,,,,
29A210110,instant,debit,,,,,,,
29A210120,instant,debit,,,,,,,
29A210130,instant,debit,,,,,,,
29A210140,instant,debit,,,,,,,
29A210150,instant,debit,,,,,,,
29A210160,instant,debit,,,,,,,
29A210170,instant,debit,,,,,,,
29A210180,instant,debit,,,,,,,
29A210190,instant,debit,,,,,,,
29A210200,instant,debit,,,,,,,
29A210210,instant,debit,,,,,,,
29A210220,instant,debit,,,,,,,
29A210230,instant,debit,,,,,,,
29A210240,instant,debit,,,,,,,
29A210250,instant,debit,,,,,,,
29A210260,instant,debit,,,,,,,
29A210270,instant,debit,,,,,,,
29A210280,instant,debit,,,,,,,
29A210290,instant,debit,,,,,,,
29A210300,instant,debit,,,,,,,
29A210310,instant,debit,,,,,,,
29A210320,instant,debit,,,,,,,
29A210330,instant,debit,,,,,,,
29A210340,instant,debit,,,,,,,
29A210350,instant,debit,,,,,,,
29A210360,instant,debit,,,,,,,
29A210370,instant,debit,,,,,,,
29A210380,instant,debit,,,,,,,
29A210390,instant,debit,,,,,,,
29A220010,duration,,title,,,,,,
29A220020,instant,debit,,,,,,,
29A220030,instant,debit,,,,,,,
29A220040,instant,debit,,,,,,,
29A220050,instant,debit,,,,,,,
29A220060,instant,debit,,,,,,,
29A220070,instant,debit,,,,,,,
29A230010,duration,,title,,,,,,
29A230020,instant,debit,,,,,,,
29A230030,instant,debit,,,,,,,
29A230040,instant,debit,,,,,,,
29A230050,instant,debit,,,,,,,
29A230060,instant,debit,,,,,,,
29A230070,instant,debit,,,,,,,
29A230080,instant,debit,,,,,,,
29A230090,instant,debit,,,,,,,
29A230100,instant,debit,,,,,,,
29A230110,instant,debit,,,,,,,
29A230120,instant,debit,,,,,,,
29A230130,instant,debit,,,,,,,
29A230140,instant,debit,,,,,,,
29A230150,instant,debit,,,,,,,
29A230160,instant,debit,,,,,,,
29A230170,instant,debit,,,,,,,
29A230180,instant,debit,,,,,,,
29A230190,instant,debit,,,,,,,
29A230200,instant,debit,,,,,,,
29A230210,instant,debit,,,,,,,
29A230220,instant,debit,,,,,,,
29A230230,instant,debit,,,,,,,
29A230240,instant,debit,,,,,,,
29A230250,instant,debit,,,,,,,
29A230260,instant,debit,,,,,,,
29A200020,instant,debit,,,,,,,
29A300010,duration,,title,,,,,,
29A300020,instant,debit,,,,,,,
29A300030,instant,debit,,,,,,,
29A300040,instant,debit,,,,,,,
29A100010,duration,,title,,,,,,
29A100020,instant,debit,,,,,,,
29A100030,instant,debit,,,,,,,
29A100040,instant,debit,,,,,,,
29A100050,instant,debit,,,,,,,
29A100060,instant,debit,,,,,,,
29A100070,instant,debit,,,,,,,
29A100080,instant,debit,,,,,,,
29A100090,instant,debit,,,,,,,
29A100100,instant,debit,,,,,,,
29A100110,instant,debit,,,,,,,
29A100120,instant,debit,,,,,,,
29A100130,instant,debit,,,,,,,
29A100140,instant,debit,,,,,,,
29A100150,instant,debit,,,,,,,
29A100160,instant,debit,,,,,,,
29A100170,instant,debit,,,,,,,
29A100180,instant,debit,,,,,,,
29A100190,instant,debit,,,,,,,
29A100200,instant,debit,,,,,,,
29A100210,instant,debit,,,,,,,
29A100220,instant,debit,,,,,,,
29A100230,instant,debit,,,,,,,
29A100240,instant,debit,,,,,,,
29A000020,instant,debit,,,,,,,
29B000010,duration,,title,,,,,,
29B200010,duration,,title,,,,,,
29B200020,instant,credit,,,,,,,
29B200030,instant,credit,,,,,,,
29B200040,instant,credit,,,,,,,
29B200050,instant,credit,,,,,,,
29B200060,instant,credit,,,,,,,
29B200070,duration,,title,,,,,,
29B200080,instant,credit,,,,,,,
29B200090,instant,credit,,,,,,,
29B200100,instant,credit,,,,,,,
29B200110,instant,credit,,,,,,,
29B200120,instant,credit,,,,,,,
29B100010,duration,,title,,,,,,
29B100020,instant,credit,,,,,,,
29B100030,instant,credit,,,,,,,
29B100040,instant,credit,,,,,,,
29B100050,instant,credit,,,,,,,
29B100060,instant,credit,,,,,,,
29B100070,instant,credit,,,,,,,
29B100080,instant,credit,,,,,,,
29B100090,duration,,title,,,,,,
29B100100,instant,credit,,,,,,,
29B100110,instant,credit,,,,,,,
29B100120,instant,credit,,,,,,,
29B100130,instant,credit,,,,,,,
29B100140,instant,credit,,,,,,,
29B100150,duration,,title,,,,,,
29B100160,instant,credit,,,,,,,
29B100170,instant,credit,,,,,,,
29B100180,instant,credit,,,,,,,
29B100190,instant,credit,,,,,,,
29B100200,instant,credit,,,,,,,
29B000020,instant,credit,,,,,,,
29C000010,duration,,title,,,,,,
29C200010,duration,,title,,,,,,
29C200020,instant,credit,,,,,,,
29C200030,instant,credit,,,,,,,
29C200040,instant,credit,,,,,,,
29C000020,instant,credit,,,,,,,
29C000030,instant,credit,,,,,,,
29C000040,instant,credit,,,,,,,
29C000050,instant,credit,,,,,,,
30A000010,duration,,title,,,,,,
30A100010,duration,,title,,,,,,
30A100020,instant,debit,,,,,,,
30A100030,instant,debit,,,,,,,
30A100040,instant,debit,,,,,,,
30A100050,instant,debit,,,,,,,
30A100060,instant,debit,,,,,,,
30A100070,instant,debit,,,,,,,
30A100080,instant,debit,,,,,,,
30A100090,instant,debit,,,,,,,
30A100100,instant,debit,,,,,,,
30A100110,instant,debit,,,,,,,
30A100120,instant,debit,,,,,,,
30A100130,instant,debit,,,,,,,
30A100140,instant,debit,,,,,,,
30A100150,instant,debit,,,,,,,
30A100160,instant,debit,,,,,,,
30A100170,instant,debit,,,,,,,
30A100180,instant,debit,,,,,,,
30A100190,instant,debit,,,,,,,
30A100200,instant,debit,,,,,,,
30A100210,instant,debit,,,,,,,
30A200010,duration,,title,,,,,,
30A210010,duration,,title,,,,,,
30A210020,instant,debit,,,,,,,
30A210030,instant,debit,,,,,,,
30A210040,instant,debit,,,,,,,
30A210050,instant,debit,,,,,,,
30A210060,instant,debit,,,,,,,
30A210070,instant,debit,,,,,,,
30A210080,instant,debit,,,,,,,
30A210090,instant,debit,,,,,,,
30A210100,instant,debit,,,,,,,
30A210110,instant,debit,,,,,,,
30A210120,instant,debit,,,,,,,
30A210130,instant,debit,,,,,,,
30A210140,instant,debit,,,,,,,
30A210150,instant,debit,,,,,,,
30A210160,instant,debit,,,,,,,
30A210170,instant,debit,,,,,,,
30A210180,instant,debit,,,,,,,
30A210190,instant,debit,,,,,,,
30A210200,instant,debit,,,,,,,
30A210210,instant,debit,,,,,,,
30A210220,instant,debit,,,,,,,
30A210230,instant,debit,,,,,,,
30A210240,instant,debit,,,,,,,
30A210250,instant,debit,,,,,,,
30A210260,instant,debit,,,,,,,
30A210270,instant,debit,,,,,,,
30A210280,instant,debit,,,,,,,
30A210290,instant,debit,,,,,,,
30A210300,instant,debit,,,,,,,
30A210310,instant,debit,,,,,,,
30A210320,instant,debit,,,,,,,
30A210330,instant,debit,,,,,,,
30A210340,instant,debit,,,,,,,
30A210350,instant,debit,,,,,,,
30A210360,instant,debit,,,,,,,
30A210370,instant,debit,,,,,,,
30A210380,instant,debit,,,,,,,
30A210390,instant,debit,,,,,,,
30A210400,instant,debit,,,,,,,
30A210410,instant,debit,,,,,,,
30A210420,instant,debit,,,,,,,
30A210430,instant,debit,,,,,,,
30A210440,instant,debit,,,,,,,
30A220010,duration,,title,,,,,,
30A220020,instant,debit,,,,,,,
30A220030,instant,debit,,,,,,,
30A220040,instant,debit,,,,,,,
30A220050,instant,debit,,,,,,,
30A220060,instant,debit,,,,,,,
30A220070,instant,debit,,,,,,,
30A220080,instant,debit,,,,,,,
30A230010,duration,,title,,,,,,
30A230020,instant,debit,,,,,,,
30A230030,instant,debit,,,,,,,
30A230040,instant,debit,,,,,,,
30A230050,instant,debit,,,,,,,
30A230060,instant,debit,,,,,,,
30A230070,instant,debit,,,,,,,
30A230080,instant,debit,,,,,,,
30A230090,instant,debit,,,,,,,
30A230100,instant,debit,,,,,,,
30A230110,instant,debit,,,,,,,
30A230120,instant,debit,,,,,,,
30A230130,instant,debit,,,,,,,
30A230140,instant,debit,,,,,,,
30A230150,instant,debit,,,,,,,
30A230160,instant,debit,,,,,,,
30A230170,instant,debit,,,,,,,
30A230180,instant,debit,,,,,,,
30A230190,instant,debit,,,,,,,
30A230200,instant,debit,,,,,,,
30A200020,instant,debit,,,,,,,
30A300010,duration,,title,,,,,,
30A300020,instant,debit,,,,,,,
30A300030,instant,debit,,,,,,,
30A300040,instant,debit,,,,,,,
30A000020,instant,debit,,,,,,,
30B000010,duration,,title,,,,,,
30B100010,duration,,title,,,,,,
30B100020,instant,credit,,,,,,,
30B100030,instant,credit,,,,,,,
30B100040,instant,credit,,,,,,,
30B100050,instant,credit,,,,,,,
30B100060,instant,credit,,,,,,,
30B100070,instant,credit,,,,,,,
30B100080,instant,credit,,,,,,,
30B100090,instant,credit,,,,,,,
30B100100,instant,credit,,,,,,,
30B100110,instant,credit,,,,,,,
30B100120,instant,credit,,,,,,,
30B100130,instant,credit,,,,,,,
30B100140,instant,credit,,,,,,,
30B100150,instant,credit,,,,,,,
30B100160,instant,credit,,,,,,,
30B100170,instant,credit,,,,,,,
30B100180,instant,credit,,,,,,,
30B100190,instant,credit,,,,,,,
30B100200,instant,credit,,,,,,,
30B100210,instant,credit,,,,,,,
30B100220,instant,credit,,,,,,,
30B100230,instant,credit,,,,,,,
30B100240,instant,credit,,,,,,,
30B100250,instant,credit,,,,,,,
30B100260,instant,credit,,,,,,,
30B200010,duration,,title,,,,,,
30B200020,instant,credit,,,,,,,
30B200030,instant,credit,,,,,,,
30B200040,instant,credit,,,,,,,
30B200050,instant,credit,,,,,,,
30B200060,instant,credit,,,,,,,
30B200070,instant,credit,,,,,,,
30B200080,instant,credit,,,,,,,
30B200090,instant,credit,,,,,,,
30B200100,instant,credit,,,,,,,
30B200110,instant,credit,,,,,,,
30B200120,instant,credit,,,,,,,
30B300010,duration,,title,,,,,,
30B300020,instant,credit,,,,,,,
30B300030,instant,credit,,,,,,,
30B000020,instant,credit,,,,,,,
30C000010,duration,,title,,,,,,
30C100010,duration,,title,,,,,,
30C110010,instant,credit,,,,,,,
30C110020,instant,credit,,,,,,,
30C120010,duration,,title,,,,,,
30C120020,instant,credit,,,,,,,
30C120030,instant,credit,,,,,,,
30C120040,instant,credit,,,,,,,
30C130010,duration,,title,,,,,,
30C130020,instant,credit,,,,,,,
30C130030,instant,credit,,,,,,,
30C130040,instant,credit,,,,,,,
30C130050,instant,credit,,,,,,,
30C100020,instant,credit,,,,,,,
30C100030,instant,credit,,,,,,,
30C100040,instant,credit,,,,,,,
30C200010,duration,,title,,,,,,
30C200020,instant,credit,,,,,,,
30C200030,instant,credit,,,,,,,
30C200040,instant,credit,,,,,,,
30C200050,instant,credit,,,,,,,
30C200060,instant,credit,,,,,,,
30C300010,instant,credit,,,,,,,
30C000020,instant,credit,,,,,,,
30C000030,instant,credit,,,,,,,
30C000040,instant,credit,,,,,,,
31A000010,duration,,title,,,,,,
31A100010,duration,,title,,,,,,
31A100020,instant,debit,,,,,,,
31A100030,instant,debit,,,,,,,
31A100040,instant,debit,,,,,,,
31A100050,instant,debit,,,,,,,
31A100060,instant,debit,,,,,,,
31A100070,instant,debit,,,,,,,
31A100080,instant,debit,,,,,,,
31A100090,instant,debit,,,,,,,
31A100100,instant,debit,,,,,,,
31A100110,instant,debit,,,,,,,
31A100120,instant,debit,,,,,,,
31A100130,instant,debit,,,,,,,
31A100140,instant,debit,,,,,,,
31A100150,instant,debit,,,,,,,
31A100160,instant,debit,,,,,,,
31A100170,instant,debit,,,,,,,
31A100180,instant,debit,,,,,,,
31A100190,instant,debit,,,,,,,
31A100200,instant,debit,,,,,,,
31A100210,instant,debit,,,,,,,
31A100220,instant,debit,,,,,,,
31A100230,instant,debit,,,,,,,
31A100240,instant,debit,,,,,,,
31A200010,duration,,title,,,,,,
31A210010,duration,,title,,,,,,
31A210020,duration,,title,,,,,,
31A210030,instant,debit,,,,,,,
31A210040,instant,debit,,,,,,,
31A210050,instant,debit,,,,,,,
31A210060,instant,debit,,,,,,,
31A210070,duration,,title,,,,,,
31A210080,instant,debit,,,,,,,
31A210090,instant,debit,,,,,,,
31A210100,instant,debit,,,,,,,
31A210110,instant,debit,,,,,,,
31A210120,instant,debit,,,,,,,
31A210130,instant,debit,,,,,,,
31A210140,instant,debit,,,,,,,
31A210150,instant,debit,,,,,,,
31A210160,instant,debit,,,,,,,
31A210170,instant,debit,,,,,,,
31A210180,instant,debit,,,,,,,
31A210190,instant,debit,,,,,,,
31A210200,instant,debit,,,,,,,
31A210210,instant,debit,,,,,,,
31A210220,instant,debit,,,,,,,
31A210230,instant,debit,,,,,,,
31A210240,instant,debit,,,,,,,
31A210250,instant,debit,,,,,,,
31A210260,instant,debit,,,,,,,
31A210270,instant,debit,,,,,,,
31A220010,duration,,title,,,,,,
31A220020,duration,,title,,,,,,
31A220030,instant,debit,,,,,,,
31A220040,instant,debit,,,,,,,
31A220050,instant,debit,,,,,,,
31A220060,duration,,title,,,,,,
31A220070,instant,debit,,,,,,,
31A220080,instant,debit,,,,,,,
31A220090,instant,debit,,,,,,,
31A220100,instant,debit,,,,,,,
31A220110,instant,debit,,,,,,,
31A220120,instant,debit,,,,,,,
31A220130,instant,debit,,,,,,,
31A230010,duration,,title,,,,,,
31A230020,instant,debit,,,,,,,
31A230030,instant,debit,,,,,,,
31A230040,instant,debit,,,,,,,
31A230050,instant,debit,,,,,,,
31A230060,instant,debit,,,,,,,
31A230070,instant,debit,,,,,,,
31A230080,instant,debit,,,,,,,
31A230090,instant,debit,,,,,,,
31A230100,instant,debit,,,,,,,
31A230110,instant,debit,,,,,,,
31A230120,instant,debit,,,,,,,
31A230130,instant,debit,,,,,,,
31A230140,instant,debit,,,,,,,
31A230150,instant,debit,,,,,,,
31A230160,instant,debit,,,,,,,
31A230170,instant,debit,,,,,,,
31A230180,instant,debit,,,,,,,
31A200020,instant,debit,,,,,,,
31A300010,instant,debit,,,,,,,
31A000020,instant,debit,,,,,,,
31B000010,duration,,title,,,,,,
31B100010,duration,,title,,,,,,
31B100020,instant,credit,,,,,,,
31B100030,instant,credit,,,,,,,
31B100040,instant,credit,,,,,,,
31B100050,instant,credit,,,,,,,
31B100060,instant,credit,,,,,,,
31B100070,instant,credit,,,,,,,
31B100080,instant,credit,,,,,,,
31B100090,instant,credit,,,,,,,
31B100100,instant,credit,,,,,,,
31B100110,instant,credit,,,,,,,
31B100120,instant,credit,,,,,,,
31B100130,instant,credit,,,,,,,
31B100140,instant,credit,,,,,,,
31B100150,instant,credit,,,,,,,
31B100160,instant,credit,,,,,,,
31B100170,instant,credit,,,,,,,
31B100180,instant,credit,,,,,,,
31B100190,instant,credit,,,,,,,
31B100200,instant,credit,,,,,,,
31B100210,instant,credit,,,,,,,
31B100220,instant,credit,,,,,,,
31B100230,instant,credit,,,,,,,
31B100240,instant,credit,,,,,,,
31B100250,instant,credit,,,,,,,
31B100260,instant,credit,,,,,,,
31B200010,duration,,title,,,,,,
31B200020,instant,credit,,,,,,,
31B200030,instant,credit,,,,,,,
31B200040,instant,credit,,,,,,,
31B200050,instant,credit,,,,,,,
31B200060,instant,credit,,,,,,,
31B200070,instant,credit,,,,,,,
31B200080,instant,credit,,,,,,,
31B200090,instant,credit,,,,,,,
31B200100,instant,credit,,,,,,,
31B200110,instant,credit,,,,,,,
31B200120,instant,credit,,,,,,,
31B200130,instant,credit,,,,,,,
31B200140,instant,credit,,,,,,,
31B200150,instant,credit,,,,,,,
31B000020,instant,credit,,,,,,,
31C000010,duration,,title,,,,,,
31C100010,duration,,title,,,,,,
31C110010,instant,credit,,,,,,,
31C110020,instant,credit,,,,,,,
31C120010,duration,,title,,,,,,
31C120020,instant,credit,,,,,,,
31C120030,instant,credit,,,,,,,
31C120040,instant,credit,,,,,,,
31C130010,duration,,title,,,,,,
31C130020,instant,credit,,,,,,,
31C130030,instant,credit,,,,,,,
31C130040,instant,credit,,,,,,,
31C130050,instant,credit,,,,,,,
31C100020,instant,credit,,,,,,,
31C100030,instant,credit,,,,,,,
31C100040,instant,credit,,,,,,,
31C200010,duration,,title,,,,,,
31C200020,instant,credit,,,,,,,
31C200030,instant,credit,,,,,,,
31C200040,instant,credit,,,,,,,
31C200050,instant,credit,,,,,,,
31C200060,instant,credit,,,,,,,
31C300010,instant,credit,,,,,,,
31C000020,instant,credit,,,,,,,
31C000030,instant,credit,,,,,,,
31C000040,instant,credit,,,,,,,
32A000010,duration,,title,,,,,,
32A100010,duration,,title,,,,,,
32A100020,instant,debit,,,,,,,
32A100030,instant,debit,,,,,,,
32A100040,instant,debit,,,,,,,
32A100050,instant,debit,,,,,,,
32A100060,instant,debit,,,,,,,
32A100070,instant,debit,,,,,,,
32A100080,instant,debit,,,,,,,
32A100090,instant,debit,,,,,,,
32A100100,instant,debit,,,,,,,
32A100110,instant,debit,,,,,,,
32A100120,instant,debit,,,,,,,
32A100130,instant,debit,,,,,,,
32A100140,instant,debit,,,,,,,
32A100150,instant,debit,,,,,,,
32A100160,instant,debit,,,,,,,
32A100170,instant,debit,,,,,,,
32A100180,instant,debit,,,,,,,
32A100190,instant,debit,,,,,,,
32A100200,instant,debit,,,,,,,
32A100210,instant,debit,,,,,,,
32A100220,instant,debit,,,,,,,
32A100230,instant,debit,,,,,,,
32A100240,instant,debit,,,,,,,
32A100250,instant,debit,,,,,,,
32A100260,instant,debit,,,,,,,
32A100270,instant,debit,,,,,,,
32A100280,instant,debit,,,,,,,
32A100290,instant,debit,,,,,,,
32A100300,instant,debit,,,,,,,
32A100310,instant,debit,,,,,,,
32A100320,instant,debit,,,,,,,
32A100330,instant,debit,,,,,,,
32A100340,instant,debit,,,,,,,
32A100350,instant,debit,,,,,,,
32A100360,instant,debit,,,,,,,
32A100370,instant,debit,,,,,,,
32A100380,instant,debit,,,,,,,
32A100390,instant,debit,,,,,,,
32A100400,instant,debit,,,,,,,
32A100410,instant,debit,,,,,,,
32A100420,instant,debit,,,,,,,
32A100430,instant,debit,,,,,,,
32A100440,instant,debit,,,,,,,
32A100450,instant,debit,,,,,,,
32A100460,instant,debit,,,,,,,
32A100470,instant,debit,,,,,,,
32A100480,instant,debit,,,,,,,
32A100490,instant,debit,,,,,,,
32A200010,duration,,title,,,,,,
32A210010,duration,,title,,,,,,
32A210020,instant,debit,,,,,,,
32A220010,duration,,title,,,,,,
32A220020,instant,debit,,,,,,,
32A230010,duration,,title,,,,,,
32A230020,instant,debit,,,,,,,
32A230030,instant,debit,,,,,,,
32A230040,instant,debit,,,,,,,
32A230050,instant,debit,,,,,,,
32A230060,instant,debit,,,,,,,
32A230070,instant,debit,,,,,,,
32A200020,instant,debit,,,,,,,
32A300010,duration,,title,,,,,,
32A300020,instant,debit,,,,,,,
32A000020,instant,debit,,,,,,,
32B000010,duration,,title,,,,,,
32B100010,duration,,title,,,,,,
32B100020,instant,credit,,,,,,,
32B100030,instant,credit,,,,,,,
32B100040,instant,credit,,,,,,,
32B100050,instant,credit,,,,,,,
32B100060,instant,credit,,,,,,,
32B100070,instant,credit,,,,,,,
32B100080,instant,credit,,,,,,,
32B100090,instant,credit,,,,,,,
32B100100,instant,credit,,,,,,,
32B100110,instant,credit,,,,,,,
32B100120,instant,credit,,,,,,,
32B100130,instant,credit,,,,,,,
32B100140,instant,credit,,,,,,,
32B100150,instant,credit,,,,,,,
32B100160,instant,credit,,,,,,,
32B100170,instant,credit,,,,,,,
32B100180,instant,credit,,,,,,,
32B100190,instant,credit,,,,,,,
32B100200,instant,credit,,,,,,,
32B100210,instant,credit,,,,,,,
32B100220,instant,credit,,,,,,,
32B100230,instant,credit,,,,,,,
32B100240,instant,credit,,,,,,,
32B100250,instant,credit,,,,,,,
32B100260,instant,credit,,,,,,,
32B100270,instant,credit,,,,,,,
32B100280,instant,credit,,,,,,,
32B100290,instant,credit,,,,,,,
32B100300,instant,credit,,,,,,,
32B100310,instant,credit,,,,,,,
32B200010,duration,,title,,,,,,
32B200020,instant,credit,,,,,,,
32B000020,instant,credit,,,,,,,
32C000010,duration,,title,,,,,,
32C100010,duration,,title,,,,,,
32C110010,instant,credit,,,,,,,
32C110020,instant,credit,,,,,,,
32C120010,duration,,title,,,,,,
32C120020,instant,credit,,,,,,,
32C120030,instant,credit,,,,,,,
32C120040,instant,credit,,,,,,,
32C100020,instant,credit,,,,,,,
32C100030,instant,credit,,,,,,,
32C200010,duration,,title,,,,,,
32C200020,instant,credit,,,,,,,
32C200030,instant,credit,,,,,,,
32C200040,instant,credit,,,,,,,
32C000020,instant,credit,,,,,,,
32C000030,instant,credit,,,,,,,